filename,file_size,file_attributes,region_count,region_id,region_shape_attributes,region_attributes
img_3.jpg,9943,"{}",1,0,"{""name"":""rect"",""x"":14,""y"":11,""width"":172,""height"":128}","{""Object"":""mushroom"",""Species"":""Amanita Muscaria""}"
img_4.jpg,12871,"{}",3,0,"{""name"":""rect"",""x"":22,""y"":113,""width"":58,""height"":57}","{""Object"":""mushroom"",""Species"":""Amanita Muscaria""}"
img_4.jpg,12871,"{}",3,1,"{""name"":""rect"",""x"":30,""y"":40,""width"":138,""height"":103}","{""Object"":""mushroom"",""Species"":""Amanita Muscaria""}"
img_4.jpg,12871,"{}",3,2,"{""name"":""rect"",""x"":161,""y"":60,""width"":78,""height"":102}","{""Object"":""mushroom"",""Species"":""Amanita Muscaria""}"
img_6.jpg,10064,"{}",3,0,"{""name"":""rect"",""x"":56,""y"":40,""width"":62,""height"":81}","{""Object"":""mushroom"",""Species"":""Amanita Muscaria""}"
img_6.jpg,10064,"{}",3,1,"{""name"":""rect"",""x"":116,""y"":81,""width"":67,""height"":79}","{""Object"":""mushroom"",""Species"":""Amanita Muscaria""}"
img_6.jpg,10064,"{}",3,2,"{""name"":""rect"",""x"":182,""y"":47,""width"":63,""height"":59}","{""Object"":""mushroom"",""Species"":""Amanita Muscaria""}"
img_7.jpg,16611,"{}",4,0,"{""name"":""rect"",""x"":83,""y"":106,""width"":53,""height"":49}","{""Object"":""mushroom"",""Species"":""Amanita Muscaria""}"
img_7.jpg,16611,"{}",4,1,"{""name"":""rect"",""x"":21,""y"":97,""width"":43,""height"":42}","{""Object"":""mushroom"",""Species"":""Amanita Muscaria""}"
img_7.jpg,16611,"{}",4,2,"{""name"":""rect"",""x"":26,""y"":38,""width"":46,""height"":49}","{""Object"":""mushroom"",""Species"":""Amanita Muscaria""}"
img_7.jpg,16611,"{}",4,3,"{""name"":""rect"",""x"":74,""y"":49,""width"":52,""height"":49}","{""Object"":""mushroom"",""Species"":""Amanita Muscaria""}"
img_8.jpg,154926,"{}",4,0,"{""name"":""rect"",""x"":41,""y"":219,""width"":289,""height"":256}","{""Object"":""mushroom"",""Species"":""Amanita Muscaria""}"
img_8.jpg,154926,"{}",4,1,"{""name"":""rect"",""x"":634,""y"":359,""width"":127,""height"":112}","{""Object"":""mushroom"",""Species"":""Amanita Muscaria""}"
img_8.jpg,154926,"{}",4,2,"{""name"":""rect"",""x"":696,""y"":271,""width"":252,""height"":223}","{""Object"":""mushroom"",""Species"":""Amanita Muscaria""}"
img_8.jpg,154926,"{}",4,3,"{""name"":""rect"",""x"":803,""y"":373,""width"":125,""height"":107}","{""Object"":""mushroom"",""Species"":""Amanita Muscaria""}"
img_9.jpg,51894,"{}",3,0,"{""name"":""rect"",""x"":54,""y"":177,""width"":78,""height"":83}","{""Object"":""mushroom"",""Species"":""Amanita Muscaria""}"
img_9.jpg,51894,"{}",3,1,"{""name"":""rect"",""x"":197,""y"":108,""width"":107,""height"":206}","{""Object"":""mushroom"",""Species"":""Amanita Muscaria""}"
img_9.jpg,51894,"{}",3,2,"{""name"":""rect"",""x"":282,""y"":41,""width"":138,""height"":295}","{""Object"":""mushroom"",""Species"":""Amanita Muscaria""}"
img_14.jpg,10796,"{}",1,0,"{""name"":""rect"",""x"":42,""y"":30,""width"":137,""height"":103}","{""Object"":""mushroom"",""Species"":""Amanita Muscaria""}"
img_16.jpg,14226,"{}",4,0,"{""name"":""rect"",""x"":77,""y"":109,""width"":90,""height"":99}","{""Object"":""mushroom"",""Species"":""Amanita Muscaria""}"
img_16.jpg,14226,"{}",4,1,"{""name"":""rect"",""x"":118,""y"":46,""width"":108,""height"":138}","{""Object"":""mushroom"",""Species"":""Amanita Muscaria""}"
img_16.jpg,14226,"{}",4,2,"{""name"":""rect"",""x"":35,""y"":10,""width"":87,""height"":94}","{""Object"":""mushroom"",""Species"":""Amanita Muscaria""}"
img_16.jpg,14226,"{}",4,3,"{""name"":""rect"",""x"":14,""y"":67,""width"":80,""height"":73}","{""Object"":""mushroom"",""Species"":""Amanita Muscaria""}"
img_17.jpg,7093,"{}",2,0,"{""name"":""rect"",""x"":69,""y"":51,""width"":49,""height"":87}","{""Object"":""mushroom"",""Species"":""Amanita Muscaria""}"
img_17.jpg,7093,"{}",2,1,"{""name"":""rect"",""x"":131,""y"":77,""width"":52,""height"":68}","{""Object"":""mushroom"",""Species"":""Amanita Muscaria""}"
img_18.jpg,13961,"{}",2,0,"{""name"":""rect"",""x"":84,""y"":21,""width"":175,""height"":161}","{""Object"":""mushroom"",""Species"":""Amanita Muscaria""}"
img_18.jpg,13961,"{}",2,1,"{""name"":""rect"",""x"":21,""y"":26,""width"":60,""height"":73}","{""Object"":""mushroom"",""Species"":""Amanita Muscaria""}"
img_20.jpg,14042,"{}",1,0,"{""name"":""rect"",""x"":34,""y"":29,""width"":99,""height"":130}","{""Object"":""mushroom"",""Species"":""Amanita Muscaria""}"
img_23.jpg,23521,"{}",1,0,"{""name"":""rect"",""x"":109,""y"":112,""width"":138,""height"":171}","{""Object"":""mushroom"",""Species"":""Amanita Muscaria""}"
img_26.jpg,221240,"{}",7,0,"{""name"":""rect"",""x"":87,""y"":413,""width"":71,""height"":73}","{""Object"":""mushroom"",""Species"":""Amanita Muscaria""}"
img_26.jpg,221240,"{}",7,1,"{""name"":""rect"",""x"":133,""y"":312,""width"":51,""height"":54}","{""Object"":""mushroom"",""Species"":""Amanita Muscaria""}"
img_26.jpg,221240,"{}",7,2,"{""name"":""rect"",""x"":191,""y"":275,""width"":98,""height"":105}","{""Object"":""mushroom"",""Species"":""Amanita Muscaria""}"
img_26.jpg,221240,"{}",7,3,"{""name"":""rect"",""x"":276,""y"":223,""width"":48,""height"":56}","{""Object"":""mushroom"",""Species"":""Amanita Muscaria""}"
img_26.jpg,221240,"{}",7,4,"{""name"":""rect"",""x"":317,""y"":188,""width"":86,""height"":46}","{""Object"":""mushroom"",""Species"":""Amanita Muscaria""}"
img_26.jpg,221240,"{}",7,5,"{""name"":""rect"",""x"":402,""y"":173,""width"":66,""height"":96}","{""Object"":""mushroom"",""Species"":""Amanita Muscaria""}"
img_26.jpg,221240,"{}",7,6,"{""name"":""rect"",""x"":462,""y"":108,""width"":140,""height"":165}","{""Object"":""mushroom"",""Species"":""Amanita Muscaria""}"
img_27.jpg,14248,"{}",1,0,"{""name"":""rect"",""x"":181,""y"":53,""width"":68,""height"":60}","{""Object"":""mushroom"",""Species"":""Amanita Muscaria""}"
img_34.jpg,12192,"{}",2,0,"{""name"":""rect"",""x"":74,""y"":86,""width"":88,""height"":83}","{""Object"":""mushroom"",""Species"":""Amanita Muscaria""}"
img_34.jpg,12192,"{}",2,1,"{""name"":""rect"",""x"":128,""y"":41,""width"":84,""height"":114}","{""Object"":""mushroom"",""Species"":""Amanita Muscaria""}"
img_37.jpg,13028,"{}",1,0,"{""name"":""rect"",""x"":31,""y"":86,""width"":133,""height"":112}","{""Object"":""mushroom"",""Species"":""Amanita Muscaria""}"
img_41.jpg,65355,"{}",1,0,"{""name"":""rect"",""x"":174,""y"":55,""width"":271,""height"":259}","{""Object"":""mushroom"",""Species"":""Amanita Muscaria""}"
img_42.jpg,14849,"{}",4,0,"{""name"":""rect"",""x"":5,""y"":72,""width"":78,""height"":107}","{""Object"":""mushroom"",""Species"":""Amanita Muscaria""}"
img_42.jpg,14849,"{}",4,1,"{""name"":""rect"",""x"":5,""y"":32,""width"":94,""height"":40}","{""Object"":""mushroom"",""Species"":""Amanita Muscaria""}"
img_42.jpg,14849,"{}",4,2,"{""name"":""rect"",""x"":210,""y"":87,""width"":63,""height"":50}","{""Object"":""mushroom"",""Species"":""Amanita Muscaria""}"
img_42.jpg,14849,"{}",4,3,"{""name"":""rect"",""x"":97,""y"":25,""width"":135,""height"":152}","{""Object"":""mushroom"",""Species"":""Amanita Muscaria""}"
img_43.jpg,13123,"{}",1,0,"{""name"":""rect"",""x"":35,""y"":8,""width"":119,""height"":153}","{""Object"":""mushroom"",""Species"":""Amanita Muscaria""}"
img_47.jpg,146281,"{}",2,0,"{""name"":""rect"",""x"":112,""y"":99,""width"":227,""height"":346}","{""Object"":""mushroom"",""Species"":""Amanita Muscaria""}"
img_47.jpg,146281,"{}",2,1,"{""name"":""rect"",""x"":381,""y"":67,""width"":321,""height"":368}","{""Object"":""mushroom"",""Species"":""Amanita Muscaria""}"
img_53.jpg,228046,"{}",1,0,"{""name"":""rect"",""x"":156,""y"":33,""width"":500,""height"":613}","{""Object"":""mushroom"",""Species"":""Amanita Muscaria""}"
img_54.jpg,13017,"{}",2,0,"{""name"":""rect"",""x"":12,""y"":35,""width"":146,""height"":134}","{""Object"":""mushroom"",""Species"":""Amanita Muscaria""}"
img_54.jpg,13017,"{}",2,1,"{""name"":""rect"",""x"":147,""y"":5,""width"":137,""height"":160}","{""Object"":""mushroom"",""Species"":""Amanita Muscaria""}"
img_57.jpg,14700,"{}",1,0,"{""name"":""rect"",""x"":56,""y"":7,""width"":179,""height"":152}","{""Object"":""mushroom"",""Species"":""Amanita Muscaria""}"
img_60.jpg,52560,"{}",2,0,"{""name"":""rect"",""x"":180,""y"":229,""width"":123,""height"":117}","{""Object"":""mushroom"",""Species"":""Amanita Muscaria""}"
img_60.jpg,52560,"{}",2,1,"{""name"":""rect"",""x"":43,""y"":201,""width"":130,""height"":140}","{""Object"":""mushroom"",""Species"":""Amanita Muscaria""}"
img_62.jpg,198533,"{}",1,0,"{""name"":""rect"",""x"":112,""y"":226,""width"":427,""height"":501}","{""Object"":""mushroom"",""Species"":""Amanita Muscaria""}"
img_65.jpg,13398,"{}",2,0,"{""name"":""rect"",""x"":104,""y"":127,""width"":69,""height"":77}","{""Object"":""mushroom"",""Species"":""Amanita Muscaria""}"
img_65.jpg,13398,"{}",2,1,"{""name"":""rect"",""x"":19,""y"":9,""width"":143,""height"":156}","{""Object"":""mushroom"",""Species"":""Amanita Muscaria""}"
img_71.jpg,15098,"{}",3,0,"{""name"":""rect"",""x"":31,""y"":95,""width"":40,""height"":60}","{""Object"":""mushroom"",""Species"":""Amanita Muscaria""}"
img_71.jpg,15098,"{}",3,1,"{""name"":""rect"",""x"":115,""y"":62,""width"":62,""height"":120}","{""Object"":""mushroom"",""Species"":""Amanita Muscaria""}"
img_71.jpg,15098,"{}",3,2,"{""name"":""rect"",""x"":161,""y"":19,""width"":75,""height"":169}","{""Object"":""mushroom"",""Species"":""Amanita Muscaria""}"
img_73.jpg,249640,"{}",4,0,"{""name"":""rect"",""x"":53,""y"":165,""width"":324,""height"":370}","{""Object"":""mushroom"",""Species"":""Amanita Muscaria""}"
img_73.jpg,249640,"{}",4,1,"{""name"":""rect"",""x"":514,""y"":286,""width"":184,""height"":238}","{""Object"":""mushroom"",""Species"":""Amanita Muscaria""}"
img_73.jpg,249640,"{}",4,2,"{""name"":""rect"",""x"":288,""y"":61,""width"":247,""height"":258}","{""Object"":""mushroom"",""Species"":""Amanita Muscaria""}"
img_73.jpg,249640,"{}",4,3,"{""name"":""rect"",""x"":484,""y"":147,""width"":156,""height"":169}","{""Object"":""mushroom"",""Species"":""Amanita Muscaria""}"
img_74.jpg,13895,"{}",1,0,"{""name"":""rect"",""x"":44,""y"":71,""width"":94,""height"":137}","{""Object"":""mushroom"",""Species"":""Amanita Muscaria""}"
img_75.jpg,153401,"{}",2,0,"{""name"":""rect"",""x"":100,""y"":113,""width"":210,""height"":284}","{""Object"":""mushroom"",""Species"":""Amanita Muscaria""}"
img_75.jpg,153401,"{}",2,1,"{""name"":""rect"",""x"":326,""y"":83,""width"":678,""height"":619}","{""Object"":""mushroom"",""Species"":""Amanita Muscaria""}"
img_80.jpg,10300,"{}",1,0,"{""name"":""rect"",""x"":4,""y"":6,""width"":212,""height"":212}","{""Object"":""mushroom"",""Species"":""Amanita Muscaria""}"
img_82.jpg,18463,"{}",2,0,"{""name"":""rect"",""x"":53,""y"":39,""width"":125,""height"":139}","{""Object"":""mushroom"",""Species"":""Amanita Muscaria""}"
img_82.jpg,18463,"{}",2,1,"{""name"":""rect"",""x"":62,""y"":128,""width"":45,""height"":48}","{""Object"":""mushroom"",""Species"":""Amanita Muscaria""}"
img_83.jpg,9131,"{}",4,0,"{""name"":""rect"",""x"":69,""y"":115,""width"":61,""height"":84}","{""Object"":""mushroom"",""Species"":""Amanita Muscaria""}"
img_83.jpg,9131,"{}",4,1,"{""name"":""rect"",""x"":149,""y"":73,""width"":53,""height"":96}","{""Object"":""mushroom"",""Species"":""Amanita Muscaria""}"
img_83.jpg,9131,"{}",4,2,"{""name"":""rect"",""x"":57,""y"":32,""width"":119,""height"":80}","{""Object"":""mushroom"",""Species"":""Amanita Muscaria""}"
img_83.jpg,9131,"{}",4,3,"{""name"":""rect"",""x"":33,""y"":66,""width"":48,""height"":68}","{""Object"":""mushroom"",""Species"":""Amanita Muscaria""}"
img_84.jpg,13890,"{}",4,0,"{""name"":""rect"",""x"":11,""y"":87,""width"":80,""height"":107}","{""Object"":""mushroom"",""Species"":""Amanita Muscaria""}"
img_84.jpg,13890,"{}",4,1,"{""name"":""rect"",""x"":137,""y"":9,""width"":79,""height"":82}","{""Object"":""mushroom"",""Species"":""Amanita Muscaria""}"
img_84.jpg,13890,"{}",4,2,"{""name"":""rect"",""x"":69,""y"":59,""width"":99,""height"":138}","{""Object"":""mushroom"",""Species"":""Amanita Muscaria""}"
img_84.jpg,13890,"{}",4,3,"{""name"":""rect"",""x"":149,""y"":95,""width"":75,""height"":93}","{""Object"":""mushroom"",""Species"":""Amanita Muscaria""}"
img_85.jpg,16644,"{}",4,0,"{""name"":""rect"",""x"":85,""y"":167,""width"":57,""height"":57}","{""Object"":""mushroom"",""Species"":""Amanita Muscaria""}"
img_85.jpg,16644,"{}",4,1,"{""name"":""rect"",""x"":22,""y"":169,""width"":62,""height"":36}","{""Object"":""mushroom"",""Species"":""Amanita Muscaria""}"
img_85.jpg,16644,"{}",4,2,"{""name"":""rect"",""x"":24,""y"":143,""width"":62,""height"":25}","{""Object"":""mushroom"",""Species"":""Amanita Muscaria""}"
img_85.jpg,16644,"{}",4,3,"{""name"":""rect"",""x"":88,""y"":134,""width"":61,""height"":28}","{""Object"":""mushroom"",""Species"":""Amanita Muscaria""}"
img_87.jpg,9914,"{}",1,0,"{""name"":""rect"",""x"":124,""y"":21,""width"":128,""height"":111}","{""Object"":""mushroom"",""Species"":""Amanita Muscaria""}"
img_88.jpg,254199,"{}",3,0,"{""name"":""rect"",""x"":51,""y"":31,""width"":315,""height"":358}","{""Object"":""mushroom"",""Species"":""Amanita Muscaria""}"
img_88.jpg,254199,"{}",3,1,"{""name"":""rect"",""x"":203,""y"":379,""width"":164,""height"":183}","{""Object"":""mushroom"",""Species"":""Amanita Muscaria""}"
img_88.jpg,254199,"{}",3,2,"{""name"":""rect"",""x"":397,""y"":188,""width"":316,""height"":378}","{""Object"":""mushroom"",""Species"":""Amanita Muscaria""}"
img_89.jpg,13772,"{}",2,0,"{""name"":""rect"",""x"":145,""y"":115,""width"":64,""height"":71}","{""Object"":""mushroom"",""Species"":""Amanita Muscaria""}"
img_89.jpg,13772,"{}",2,1,"{""name"":""rect"",""x"":23,""y"":17,""width"":120,""height"":165}","{""Object"":""mushroom"",""Species"":""Amanita Muscaria""}"
img_91.jpg,13368,"{}",2,0,"{""name"":""rect"",""x"":136,""y"":24,""width"":92,""height"":128}","{""Object"":""mushroom"",""Species"":""Amanita Muscaria""}"
img_91.jpg,13368,"{}",2,1,"{""name"":""rect"",""x"":42,""y"":66,""width"":94,""height"":78}","{""Object"":""mushroom"",""Species"":""Amanita Muscaria""}"
img_92.jpg,1649471,"{}",2,0,"{""name"":""rect"",""x"":379,""y"":332,""width"":1825,""height"":1433}","{""Object"":""mushroom"",""Species"":""Amanita Muscaria""}"
img_92.jpg,1649471,"{}",2,1,"{""name"":""rect"",""x"":1985,""y"":1360,""width"":662,""height"":366}","{""Object"":""mushroom"",""Species"":""Amanita Muscaria""}"
img_93.jpg,4556,"{}",1,0,"{""name"":""rect"",""x"":51,""y"":21,""width"":160,""height"":141}","{""Object"":""mushroom"",""Species"":""Amanita Muscaria""}"
img_94.jpg,3254,"{}",4,0,"{""name"":""rect"",""x"":18,""y"":46,""width"":21,""height"":30}","{""Object"":""mushroom"",""Species"":""Amanita Muscaria""}"
img_94.jpg,3254,"{}",4,1,"{""name"":""rect"",""x"":55,""y"":18,""width"":28,""height"":68}","{""Object"":""mushroom"",""Species"":""Amanita Muscaria""}"
img_94.jpg,3254,"{}",4,2,"{""name"":""rect"",""x"":81,""y"":21,""width"":18,""height"":71}","{""Object"":""mushroom"",""Species"":""Amanita Muscaria""}"
img_94.jpg,3254,"{}",4,3,"{""name"":""rect"",""x"":32,""y"":31,""width"":21,""height"":48}","{""Object"":""mushroom"",""Species"":""Amanita Muscaria""}"
img_95.jpg,5254,"{}",1,0,"{""name"":""rect"",""x"":104,""y"":67,""width"":71,""height"":85}","{""Object"":""mushroom"",""Species"":""Amanita Muscaria""}"
img_97.jpg,20313,"{}",1,0,"{""name"":""rect"",""x"":90,""y"":21,""width"":157,""height"":95}","{""Object"":""mushroom"",""Species"":""Amanita Muscaria""}"
img_98.jpg,19026,"{}",3,0,"{""name"":""rect"",""x"":17,""y"":110,""width"":91,""height"":64}","{""Object"":""mushroom"",""Species"":""Amanita Muscaria""}"
img_98.jpg,19026,"{}",3,1,"{""name"":""rect"",""x"":202,""y"":99,""width"":71,""height"":62}","{""Object"":""mushroom"",""Species"":""Amanita Muscaria""}"
img_98.jpg,19026,"{}",3,2,"{""name"":""rect"",""x"":10,""y"":45,""width"":164,""height"":65}","{""Object"":""mushroom"",""Species"":""Amanita Muscaria""}"
img_101.jpg,232728,"{}",4,0,"{""name"":""rect"",""x"":307,""y"":47,""width"":119,""height"":156}","{""Object"":""mushroom"",""Species"":""Amanita Muscaria""}"
img_101.jpg,232728,"{}",4,1,"{""name"":""rect"",""x"":531,""y"":263,""width"":207,""height"":212}","{""Object"":""mushroom"",""Species"":""Amanita Muscaria""}"
img_101.jpg,232728,"{}",4,2,"{""name"":""rect"",""x"":571,""y"":115,""width"":353,""height"":207}","{""Object"":""mushroom"",""Species"":""Amanita Muscaria""}"
img_101.jpg,232728,"{}",4,3,"{""name"":""rect"",""x"":436,""y"":39,""width"":132,""height"":135}","{""Object"":""mushroom"",""Species"":""Amanita Muscaria""}"
img_103.jpg,9376,"{}",1,0,"{""name"":""rect"",""x"":7,""y"":7,""width"":245,""height"":173}","{""Object"":""mushroom"",""Species"":""Amanita Muscaria""}"
img_104.jpg,252121,"{}",2,0,"{""name"":""rect"",""x"":23,""y"":205,""width"":317,""height"":448}","{""Object"":""mushroom"",""Species"":""Amanita Muscaria""}"
img_104.jpg,252121,"{}",2,1,"{""name"":""rect"",""x"":332,""y"":17,""width"":272,""height"":543}","{""Object"":""mushroom"",""Species"":""Amanita Muscaria""}"
img_107.jpg,13733,"{}",4,0,"{""name"":""rect"",""x"":120,""y"":7,""width"":133,""height"":153}","{""Object"":""mushroom"",""Species"":""Amanita Muscaria""}"
img_107.jpg,13733,"{}",4,1,"{""name"":""rect"",""x"":5,""y"":77,""width"":59,""height"":81}","{""Object"":""mushroom"",""Species"":""Amanita Muscaria""}"
img_107.jpg,13733,"{}",4,2,"{""name"":""rect"",""x"":35,""y"":24,""width"":75,""height"":57}","{""Object"":""mushroom"",""Species"":""Amanita Muscaria""}"
img_107.jpg,13733,"{}",4,3,"{""name"":""rect"",""x"":68,""y"":61,""width"":81,""height"":113}","{""Object"":""mushroom"",""Species"":""Amanita Muscaria""}"
img_109.jpg,11857,"{}",1,0,"{""name"":""rect"",""x"":97,""y"":4,""width"":141,""height"":139}","{""Object"":""mushroom"",""Species"":""Amanita Muscaria""}"
img_111.jpg,120180,"{}",3,0,"{""name"":""rect"",""x"":33,""y"":91,""width"":264,""height"":299}","{""Object"":""mushroom"",""Species"":""Amanita Muscaria""}"
img_111.jpg,120180,"{}",3,1,"{""name"":""rect"",""x"":455,""y"":161,""width"":140,""height"":203}","{""Object"":""mushroom"",""Species"":""Amanita Muscaria""}"
img_111.jpg,120180,"{}",3,2,"{""name"":""rect"",""x"":232,""y"":125,""width"":243,""height"":300}","{""Object"":""mushroom"",""Species"":""Amanita Muscaria""}"
img_112.jpg,15557,"{}",3,0,"{""name"":""rect"",""x"":173,""y"":80,""width"":84,""height"":96}","{""Object"":""mushroom"",""Species"":""Amanita Muscaria""}"
img_112.jpg,15557,"{}",3,1,"{""name"":""rect"",""x"":115,""y"":73,""width"":43,""height"":73}","{""Object"":""mushroom"",""Species"":""Amanita Muscaria""}"
img_112.jpg,15557,"{}",3,2,"{""name"":""rect"",""x"":31,""y"":3,""width"":113,""height"":157}","{""Object"":""mushroom"",""Species"":""Amanita Muscaria""}"
img_113.jpg,17489,"{}",4,0,"{""name"":""rect"",""x"":157,""y"":81,""width"":65,""height"":57}","{""Object"":""mushroom"",""Species"":""Amanita Muscaria""}"
img_113.jpg,17489,"{}",4,1,"{""name"":""rect"",""x"":167,""y"":36,""width"":110,""height"":60}","{""Object"":""mushroom"",""Species"":""Amanita Muscaria""}"
img_113.jpg,17489,"{}",4,2,"{""name"":""rect"",""x"":92,""y"":12,""width"":37,""height"":51}","{""Object"":""mushroom"",""Species"":""Amanita Muscaria""}"
img_113.jpg,17489,"{}",4,3,"{""name"":""rect"",""x"":133,""y"":9,""width"":40,""height"":46}","{""Object"":""mushroom"",""Species"":""Amanita Muscaria""}"
img_114.jpg,5598,"{}",1,0,"{""name"":""rect"",""x"":0,""y"":8,""width"":147,""height"":131}","{""Object"":""mushroom"",""Species"":""Amanita Muscaria""}"
img_120.jpg,251968,"{}",3,0,"{""name"":""rect"",""x"":401,""y"":89,""width"":327,""height"":468}","{""Object"":""mushroom"",""Species"":""Amanita Muscaria""}"
img_120.jpg,251968,"{}",3,1,"{""name"":""rect"",""x"":214,""y"":319,""width"":188,""height"":241}","{""Object"":""mushroom"",""Species"":""Amanita Muscaria""}"
img_120.jpg,251968,"{}",3,2,"{""name"":""rect"",""x"":100,""y"":45,""width"":274,""height"":296}","{""Object"":""mushroom"",""Species"":""Amanita Muscaria""}"
img_123.jpg,13631,"{}",2,0,"{""name"":""rect"",""x"":20,""y"":58,""width"":123,""height"":88}","{""Object"":""mushroom"",""Species"":""Amanita Muscaria""}"
img_123.jpg,13631,"{}",2,1,"{""name"":""rect"",""x"":156,""y"":40,""width"":103,""height"":61}","{""Object"":""mushroom"",""Species"":""Amanita Muscaria""}"
img_127.jpg,3105,"{}",4,0,"{""name"":""rect"",""x"":13,""y"":47,""width"":21,""height"":31}","{""Object"":""mushroom"",""Species"":""Amanita Muscaria""}"
img_127.jpg,3105,"{}",4,1,"{""name"":""rect"",""x"":52,""y"":16,""width"":30,""height"":76}","{""Object"":""mushroom"",""Species"":""Amanita Muscaria""}"
img_127.jpg,3105,"{}",4,2,"{""name"":""rect"",""x"":81,""y"":21,""width"":18,""height"":75}","{""Object"":""mushroom"",""Species"":""Amanita Muscaria""}"
img_127.jpg,3105,"{}",4,3,"{""name"":""rect"",""x"":28,""y"":30,""width"":24,""height"":49}","{""Object"":""mushroom"",""Species"":""Amanita Muscaria""}"
img_129.jpg,202009,"{}",2,0,"{""name"":""rect"",""x"":156,""y"":206,""width"":317,""height"":307}","{""Object"":""mushroom"",""Species"":""Amanita Muscaria""}"
img_129.jpg,202009,"{}",2,1,"{""name"":""rect"",""x"":45,""y"":297,""width"":242,""height"":125}","{""Object"":""mushroom"",""Species"":""Amanita Muscaria""}"
img_131.jpg,12580,"{}",2,0,"{""name"":""rect"",""x"":37,""y"":16,""width"":171,""height"":149}","{""Object"":""mushroom"",""Species"":""Amanita Muscaria""}"
img_131.jpg,12580,"{}",2,1,"{""name"":""rect"",""x"":152,""y"":85,""width"":66,""height"":81}","{""Object"":""mushroom"",""Species"":""Amanita Muscaria""}"
img_133.jpg,11300,"{}",1,0,"{""name"":""rect"",""x"":28,""y"":8,""width"":186,""height"":200}","{""Object"":""mushroom"",""Species"":""Amanita Muscaria""}"
img_136.jpg,13052,"{}",1,0,"{""name"":""rect"",""x"":36,""y"":74,""width"":100,""height"":74}","{""Object"":""mushroom"",""Species"":""Amanita Muscaria""}"
img_138.jpg,8535,"{}",1,0,"{""name"":""rect"",""x"":146,""y"":44,""width"":87,""height"":101}","{""Object"":""mushroom"",""Species"":""Amanita Muscaria""}"
img_139.jpg,10816,"{}",1,0,"{""name"":""rect"",""x"":4,""y"":10,""width"":268,""height"":168}","{""Object"":""mushroom"",""Species"":""Amanita Muscaria""}"
img_141.jpg,10520,"{}",4,0,"{""name"":""rect"",""x"":100,""y"":44,""width"":107,""height"":111}","{""Object"":""mushroom"",""Species"":""Amanita Muscaria""}"
img_141.jpg,10520,"{}",4,1,"{""name"":""rect"",""x"":37,""y"":4,""width"":79,""height"":95}","{""Object"":""mushroom"",""Species"":""Amanita Muscaria""}"
img_141.jpg,10520,"{}",4,2,"{""name"":""rect"",""x"":149,""y"":12,""width"":115,""height"":47}","{""Object"":""mushroom"",""Species"":""Amanita Muscaria""}"
img_141.jpg,10520,"{}",4,3,"{""name"":""rect"",""x"":179,""y"":29,""width"":76,""height"":66}","{""Object"":""mushroom"",""Species"":""Amanita Muscaria""}"
img_146.jpg,12802,"{}",1,0,"{""name"":""rect"",""x"":17,""y"":10,""width"":165,""height"":225}","{""Object"":""mushroom"",""Species"":""Amanita Muscaria""}"
img_147.jpg,150797,"{}",2,0,"{""name"":""rect"",""x"":92,""y"":138,""width"":255,""height"":311}","{""Object"":""mushroom"",""Species"":""Amanita Muscaria""}"
img_147.jpg,150797,"{}",2,1,"{""name"":""rect"",""x"":411,""y"":189,""width"":193,""height"":222}","{""Object"":""mushroom"",""Species"":""Amanita Muscaria""}"
img_149.jpg,66030,"{}",4,0,"{""name"":""rect"",""x"":292,""y"":35,""width"":304,""height"":278}","{""Object"":""mushroom"",""Species"":""Amanita Muscaria""}"
img_149.jpg,66030,"{}",4,1,"{""name"":""rect"",""x"":164,""y"":148,""width"":189,""height"":253}","{""Object"":""mushroom"",""Species"":""Amanita Muscaria""}"
img_149.jpg,66030,"{}",4,2,"{""name"":""rect"",""x"":3,""y"":174,""width"":147,""height"":176}","{""Object"":""mushroom"",""Species"":""Amanita Muscaria""}"
img_149.jpg,66030,"{}",4,3,"{""name"":""rect"",""x"":87,""y"":77,""width"":179,""height"":137}","{""Object"":""mushroom"",""Species"":""Amanita Muscaria""}"
img_150.jpg,245828,"{}",2,0,"{""name"":""rect"",""x"":472,""y"":135,""width"":326,""height"":557}","{""Object"":""mushroom"",""Species"":""Amanita Muscaria""}"
img_150.jpg,245828,"{}",2,1,"{""name"":""rect"",""x"":7,""y"":9,""width"":484,""height"":693}","{""Object"":""mushroom"",""Species"":""Amanita Muscaria""}"
img_154.jpg,9153,"{}",2,0,"{""name"":""rect"",""x"":42,""y"":4,""width"":123,""height"":114}","{""Object"":""mushroom"",""Species"":""Amanita Muscaria""}"
img_154.jpg,9153,"{}",2,1,"{""name"":""rect"",""x"":162,""y"":8,""width"":84,""height"":119}","{""Object"":""mushroom"",""Species"":""Amanita Muscaria""}"
img_156.jpg,476139,"{}",6,0,"{""name"":""rect"",""x"":96,""y"":565,""width"":309,""height"":190}","{""Object"":""mushroom"",""Species"":""Amanita Muscaria""}"
img_156.jpg,476139,"{}",6,1,"{""name"":""rect"",""x"":160,""y"":395,""width"":270,""height"":158}","{""Object"":""mushroom"",""Species"":""Amanita Muscaria""}"
img_156.jpg,476139,"{}",6,2,"{""name"":""rect"",""x"":692,""y"":557,""width"":160,""height"":133}","{""Object"":""mushroom"",""Species"":""Amanita Muscaria""}"
img_156.jpg,476139,"{}",6,3,"{""name"":""rect"",""x"":770,""y"":709,""width"":332,""height"":258}","{""Object"":""mushroom"",""Species"":""Amanita Muscaria""}"
img_156.jpg,476139,"{}",6,4,"{""name"":""rect"",""x"":817,""y"":588,""width"":215,""height"":125}","{""Object"":""mushroom"",""Species"":""Amanita Muscaria""}"
img_156.jpg,476139,"{}",6,5,"{""name"":""rect"",""x"":682,""y"":995,""width"":723,""height"":401}","{""Object"":""mushroom"",""Species"":""Amanita Muscaria""}"
img_158.jpg,12993,"{}",1,0,"{""name"":""rect"",""x"":7,""y"":5,""width"":264,""height"":174}","{""Object"":""mushroom"",""Species"":""Amanita Muscaria""}"
img_160.jpg,16383,"{}",2,0,"{""name"":""rect"",""x"":9,""y"":20,""width"":170,""height"":139}","{""Object"":""mushroom"",""Species"":""Amanita Muscaria""}"
img_160.jpg,16383,"{}",2,1,"{""name"":""rect"",""x"":122,""y"":6,""width"":141,""height"":140}","{""Object"":""mushroom"",""Species"":""Amanita Muscaria""}"
img_162.jpg,10324,"{}",2,0,"{""name"":""rect"",""x"":155,""y"":98,""width"":84,""height"":72}","{""Object"":""mushroom"",""Species"":""Amanita Muscaria""}"
img_162.jpg,10324,"{}",2,1,"{""name"":""rect"",""x"":62,""y"":26,""width"":76,""height"":60}","{""Object"":""mushroom"",""Species"":""Amanita Muscaria""}"
img_163.jpg,14380,"{}",4,0,"{""name"":""rect"",""x"":150,""y"":79,""width"":83,""height"":71}","{""Object"":""mushroom"",""Species"":""Amanita Muscaria""}"
img_163.jpg,14380,"{}",4,1,"{""name"":""rect"",""x"":91,""y"":82,""width"":52,""height"":38}","{""Object"":""mushroom"",""Species"":""Amanita Muscaria""}"
img_163.jpg,14380,"{}",4,2,"{""name"":""rect"",""x"":116,""y"":15,""width"":50,""height"":54}","{""Object"":""mushroom"",""Species"":""Amanita Muscaria""}"
img_163.jpg,14380,"{}",4,3,"{""name"":""rect"",""x"":166,""y"":22,""width"":71,""height"":51}","{""Object"":""mushroom"",""Species"":""Amanita Muscaria""}"
img_168.jpg,6195,"{}",2,0,"{""name"":""rect"",""x"":127,""y"":63,""width"":95,""height"":93}","{""Object"":""mushroom"",""Species"":""Amanita Muscaria""}"
img_168.jpg,6195,"{}",2,1,"{""name"":""rect"",""x"":29,""y"":3,""width"":169,""height"":147}","{""Object"":""mushroom"",""Species"":""Amanita Muscaria""}"
img_173.jpg,97629,"{}",2,0,"{""name"":""rect"",""x"":122,""y"":222,""width"":281,""height"":248}","{""Object"":""mushroom"",""Species"":""Amanita Muscaria""}"
img_173.jpg,97629,"{}",2,1,"{""name"":""rect"",""x"":49,""y"":3,""width"":740,""height"":464}","{""Object"":""mushroom"",""Species"":""Amanita Muscaria""}"
img_174.jpg,16658,"{}",1,0,"{""name"":""rect"",""x"":56,""y"":23,""width"":186,""height"":120}","{""Object"":""mushroom"",""Species"":""Amanita Muscaria""}"
img_177.jpg,135509,"{}",1,0,"{""name"":""rect"",""x"":211,""y"":52,""width"":430,""height"":436}","{""Object"":""mushroom"",""Species"":""Amanita Muscaria""}"
img_181.jpg,169699,"{}",1,0,"{""name"":""rect"",""x"":416,""y"":773,""width"":690,""height"":741}","{""Object"":""mushroom"",""Species"":""Amanita Muscaria""}"
img_183.jpg,107539,"{}",3,0,"{""name"":""rect"",""x"":239,""y"":381,""width"":194,""height"":192}","{""Object"":""mushroom"",""Species"":""Amanita Muscaria""}"
img_183.jpg,107539,"{}",3,1,"{""name"":""rect"",""x"":101,""y"":104,""width"":214,""height"":256}","{""Object"":""mushroom"",""Species"":""Amanita Muscaria""}"
img_183.jpg,107539,"{}",3,2,"{""name"":""rect"",""x"":312,""y"":20,""width"":257,""height"":348}","{""Object"":""mushroom"",""Species"":""Amanita Muscaria""}"
img_185.jpg,7985,"{}",1,0,"{""name"":""rect"",""x"":35,""y"":11,""width"":144,""height"":228}","{""Object"":""mushroom"",""Species"":""Amanita Muscaria""}"
img_187.jpg,16913,"{}",1,0,"{""name"":""rect"",""x"":68,""y"":20,""width"":157,""height"":152}","{""Object"":""mushroom"",""Species"":""Amanita Muscaria""}"
img_189.jpg,256956,"{}",3,0,"{""name"":""rect"",""x"":109,""y"":130,""width"":233,""height"":358}","{""Object"":""mushroom"",""Species"":""Amanita Muscaria""}"
img_189.jpg,256956,"{}",3,1,"{""name"":""rect"",""x"":484,""y"":308,""width"":127,""height"":197}","{""Object"":""mushroom"",""Species"":""Amanita Muscaria""}"
img_189.jpg,256956,"{}",3,2,"{""name"":""rect"",""x"":398,""y"":82,""width"":195,""height"":384}","{""Object"":""mushroom"",""Species"":""Amanita Muscaria""}"
img_190.jpg,280144,"{}",1,0,"{""name"":""rect"",""x"":291,""y"":55,""width"":636,""height"":620}","{""Object"":""mushroom"",""Species"":""Amanita Muscaria""}"
img_192.jpg,11523,"{}",1,0,"{""name"":""rect"",""x"":38,""y"":26,""width"":178,""height"":150}","{""Object"":""mushroom"",""Species"":""Amanita Muscaria""}"
img_193.jpg,104224,"{}",3,0,"{""name"":""rect"",""x"":203,""y"":368,""width"":171,""height"":167}","{""Object"":""mushroom"",""Species"":""Amanita Muscaria""}"
img_193.jpg,104224,"{}",3,1,"{""name"":""rect"",""x"":22,""y"":40,""width"":287,""height"":323}","{""Object"":""mushroom"",""Species"":""Amanita Muscaria""}"
img_193.jpg,104224,"{}",3,2,"{""name"":""rect"",""x"":326,""y"":64,""width"":212,""height"":370}","{""Object"":""mushroom"",""Species"":""Amanita Muscaria""}"
img_194.jpg,13994,"{}",1,0,"{""name"":""rect"",""x"":96,""y"":38,""width"":155,""height"":107}","{""Object"":""mushroom"",""Species"":""Amanita Muscaria""}"
img_196.jpg,7071,"{}",1,0,"{""name"":""rect"",""x"":5,""y"":136,""width"":142,""height"":130}","{""Object"":""mushroom"",""Species"":""Amanita Muscaria""}"
img_200.jpg,15840,"{}",2,0,"{""name"":""rect"",""x"":63,""y"":41,""width"":150,""height"":133}","{""Object"":""mushroom"",""Species"":""Amanita Muscaria""}"
img_200.jpg,15840,"{}",2,1,"{""name"":""rect"",""x"":74,""y"":63,""width"":69,""height"":110}","{""Object"":""mushroom"",""Species"":""Amanita Muscaria""}"
img_203.jpg,14902,"{}",2,0,"{""name"":""rect"",""x"":47,""y"":7,""width"":109,""height"":152}","{""Object"":""mushroom"",""Species"":""Amanita Muscaria""}"
img_203.jpg,14902,"{}",2,1,"{""name"":""rect"",""x"":151,""y"":33,""width"":71,""height"":124}","{""Object"":""mushroom"",""Species"":""Amanita Muscaria""}"
img_204.jpg,246986,"{}",5,0,"{""name"":""rect"",""x"":214,""y"":47,""width"":405,""height"":366}","{""Object"":""mushroom"",""Species"":""Amanita Muscaria""}"
img_204.jpg,246986,"{}",5,1,"{""name"":""rect"",""x"":477,""y"":396,""width"":130,""height"":151}","{""Object"":""mushroom"",""Species"":""Amanita Muscaria""}"
img_204.jpg,246986,"{}",5,2,"{""name"":""rect"",""x"":512,""y"":213,""width"":173,""height"":173}","{""Object"":""mushroom"",""Species"":""Amanita Muscaria""}"
img_204.jpg,246986,"{}",5,3,"{""name"":""rect"",""x"":209,""y"":231,""width"":203,""height"":238}","{""Object"":""mushroom"",""Species"":""Amanita Muscaria""}"
img_204.jpg,246986,"{}",5,4,"{""name"":""rect"",""x"":161,""y"":119,""width"":111,""height"":106}","{""Object"":""mushroom"",""Species"":""Amanita Muscaria""}"
img_206.jpg,174850,"{}",7,0,"{""name"":""rect"",""x"":275,""y"":42,""width"":301,""height"":198}","{""Object"":""mushroom"",""Species"":""Amanita Muscaria""}"
img_206.jpg,174850,"{}",7,1,"{""name"":""rect"",""x"":523,""y"":201,""width"":145,""height"":97}","{""Object"":""mushroom"",""Species"":""Amanita Muscaria""}"
img_206.jpg,174850,"{}",7,2,"{""name"":""rect"",""x"":357,""y"":234,""width"":134,""height"":155}","{""Object"":""mushroom"",""Species"":""Amanita Muscaria""}"
img_206.jpg,174850,"{}",7,3,"{""name"":""rect"",""x"":190,""y"":205,""width"":149,""height"":153}","{""Object"":""mushroom"",""Species"":""Amanita Muscaria""}"
img_206.jpg,174850,"{}",7,4,"{""name"":""rect"",""x"":20,""y"":192,""width"":213,""height"":241}","{""Object"":""mushroom"",""Species"":""Amanita Muscaria""}"
img_206.jpg,174850,"{}",7,5,"{""name"":""rect"",""x"":504,""y"":297,""width"":88,""height"":133}","{""Object"":""mushroom"",""Species"":""Amanita Muscaria""}"
img_206.jpg,174850,"{}",7,6,"{""name"":""rect"",""x"":606,""y"":234,""width"":183,""height"":202}","{""Object"":""mushroom"",""Species"":""Amanita Muscaria""}"
img_210.jpg,9825,"{}",3,0,"{""name"":""rect"",""x"":64,""y"":5,""width"":47,""height"":63}","{""Object"":""mushroom"",""Species"":""Amanita Muscaria""}"
img_210.jpg,9825,"{}",3,1,"{""name"":""rect"",""x"":2,""y"":79,""width"":61,""height"":102}","{""Object"":""mushroom"",""Species"":""Amanita Muscaria""}"
img_210.jpg,9825,"{}",3,2,"{""name"":""rect"",""x"":116,""y"":5,""width"":154,""height"":148}","{""Object"":""mushroom"",""Species"":""Amanita Muscaria""}"
img_211.jpg,17433,"{}",1,0,"{""name"":""rect"",""x"":3,""y"":4,""width"":293,""height"":147}","{""Object"":""mushroom"",""Species"":""Amanita Muscaria""}"
img_214.jpg,128493,"{}",2,0,"{""name"":""rect"",""x"":205,""y"":415,""width"":282,""height"":344}","{""Object"":""mushroom"",""Species"":""Amanita Muscaria""}"
img_214.jpg,128493,"{}",2,1,"{""name"":""rect"",""x"":21,""y"":222,""width"":477,""height"":245}","{""Object"":""mushroom"",""Species"":""Amanita Muscaria""}"
img_215.jpg,57432,"{}",1,0,"{""name"":""rect"",""x"":14,""y"":37,""width"":328,""height"":343}","{""Object"":""mushroom"",""Species"":""Amanita Muscaria""}"
img_221.jpg,14059,"{}",3,0,"{""name"":""rect"",""x"":21,""y"":80,""width"":49,""height"":54}","{""Object"":""mushroom"",""Species"":""Amanita Muscaria""}"
img_221.jpg,14059,"{}",3,1,"{""name"":""rect"",""x"":44,""y"":25,""width"":86,""height"":100}","{""Object"":""mushroom"",""Species"":""Amanita Muscaria""}"
img_221.jpg,14059,"{}",3,2,"{""name"":""rect"",""x"":97,""y"":10,""width"":134,""height"":120}","{""Object"":""mushroom"",""Species"":""Amanita Muscaria""}"
img_222.jpg,14750,"{}",1,0,"{""name"":""rect"",""x"":150,""y"":34,""width"":125,""height"":113}","{""Object"":""mushroom"",""Species"":""Amanita Muscaria""}"
img_227.jpg,249577,"{}",4,0,"{""name"":""rect"",""x"":498,""y"":232,""width"":193,""height"":162}","{""Object"":""mushroom"",""Species"":""Amanita Muscaria""}"
img_227.jpg,249577,"{}",4,1,"{""name"":""rect"",""x"":411,""y"":321,""width"":117,""height"":160}","{""Object"":""mushroom"",""Species"":""Amanita Muscaria""}"
img_227.jpg,249577,"{}",4,2,"{""name"":""rect"",""x"":318,""y"":269,""width"":101,""height"":159}","{""Object"":""mushroom"",""Species"":""Amanita Muscaria""}"
img_227.jpg,249577,"{}",4,3,"{""name"":""rect"",""x"":106,""y"":137,""width"":261,""height"":295}","{""Object"":""mushroom"",""Species"":""Amanita Muscaria""}"
img_230.jpg,191004,"{}",1,0,"{""name"":""rect"",""x"":5,""y"":7,""width"":788,""height"":588}","{""Object"":""mushroom"",""Species"":""Amanita Muscaria""}"
img_232.jpg,191128,"{}",3,0,"{""name"":""rect"",""x"":116,""y"":324,""width"":218,""height"":250}","{""Object"":""mushroom"",""Species"":""Amanita Muscaria""}"
img_232.jpg,191128,"{}",3,1,"{""name"":""rect"",""x"":412,""y"":75,""width"":334,""height"":501}","{""Object"":""mushroom"",""Species"":""Amanita Muscaria""}"
img_232.jpg,191128,"{}",3,2,"{""name"":""rect"",""x"":56,""y"":60,""width"":347,""height"":227}","{""Object"":""mushroom"",""Species"":""Amanita Muscaria""}"
img_235.jpg,15857,"{}",1,0,"{""name"":""rect"",""x"":10,""y"":33,""width"":161,""height"":211}","{""Object"":""mushroom"",""Species"":""Amanita Muscaria""}"
img_236.jpg,4376,"{}",1,0,"{""name"":""rect"",""x"":31,""y"":3,""width"":62,""height"":63}","{""Object"":""mushroom"",""Species"":""Amanita Muscaria""}"
img_237.jpg,10659,"{}",1,0,"{""name"":""rect"",""x"":79,""y"":26,""width"":122,""height"":149}","{""Object"":""mushroom"",""Species"":""Amanita Muscaria""}"
img_238.jpg,254215,"{}",2,0,"{""name"":""rect"",""x"":93,""y"":85,""width"":324,""height"":402}","{""Object"":""mushroom"",""Species"":""Amanita Muscaria""}"
img_238.jpg,254215,"{}",2,1,"{""name"":""rect"",""x"":438,""y"":158,""width"":226,""height"":365}","{""Object"":""mushroom"",""Species"":""Amanita Muscaria""}"
img_239.jpg,13967,"{}",1,0,"{""name"":""rect"",""x"":117,""y"":63,""width"":111,""height"":82}","{""Object"":""mushroom"",""Species"":""Amanita Muscaria""}"
img_242.jpg,11992,"{}",1,0,"{""name"":""rect"",""x"":115,""y"":32,""width"":129,""height"":121}","{""Object"":""mushroom"",""Species"":""Amanita Muscaria""}"
img_243.jpg,12634,"{}",1,0,"{""name"":""rect"",""x"":7,""y"":31,""width"":173,""height"":201}","{""Object"":""mushroom"",""Species"":""Amanita Muscaria""}"
img_244.jpg,246859,"{}",6,0,"{""name"":""rect"",""x"":548,""y"":349,""width"":72,""height"":98}","{""Object"":""mushroom"",""Species"":""Amanita Muscaria""}"
img_244.jpg,246859,"{}",6,1,"{""name"":""rect"",""x"":562,""y"":443,""width"":93,""height"":115}","{""Object"":""mushroom"",""Species"":""Amanita Muscaria""}"
img_244.jpg,246859,"{}",6,2,"{""name"":""rect"",""x"":23,""y"":30,""width"":121,""height"":199}","{""Object"":""mushroom"",""Species"":""Amanita Muscaria""}"
img_244.jpg,246859,"{}",6,3,"{""name"":""rect"",""x"":337,""y"":201,""width"":147,""height"":79}","{""Object"":""mushroom"",""Species"":""Amanita Muscaria""}"
img_244.jpg,246859,"{}",6,4,"{""name"":""rect"",""x"":212,""y"":286,""width"":150,""height"":225}","{""Object"":""mushroom"",""Species"":""Amanita Muscaria""}"
img_244.jpg,246859,"{}",6,5,"{""name"":""rect"",""x"":295,""y"":273,""width"":144,""height"":226}","{""Object"":""mushroom"",""Species"":""Amanita Muscaria""}"
img_249.jpg,15565,"{}",1,0,"{""name"":""rect"",""x"":97,""y"":74,""width"":61,""height"":82}","{""Object"":""mushroom"",""Species"":""Amanita Muscaria""}"
img_251.jpg,9706,"{}",2,0,"{""name"":""rect"",""x"":32,""y"":8,""width"":146,""height"":124}","{""Object"":""mushroom"",""Species"":""Amanita Muscaria""}"
img_251.jpg,9706,"{}",2,1,"{""name"":""rect"",""x"":147,""y"":25,""width"":113,""height"":114}","{""Object"":""mushroom"",""Species"":""Amanita Muscaria""}"
img_254.jpg,13181,"{}",1,0,"{""name"":""rect"",""x"":57,""y"":29,""width"":135,""height"":119}","{""Object"":""mushroom"",""Species"":""Amanita Muscaria""}"
img_260.jpg,138386,"{}",2,0,"{""name"":""rect"",""x"":103,""y"":42,""width"":233,""height"":272}","{""Object"":""mushroom"",""Species"":""Amanita Muscaria""}"
img_260.jpg,138386,"{}",2,1,"{""name"":""rect"",""x"":346,""y"":93,""width"":196,""height"":132}","{""Object"":""mushroom"",""Species"":""Amanita Muscaria""}"
img_262.jpg,207293,"{}",1,0,"{""name"":""rect"",""x"":137,""y"":35,""width"":563,""height"":532}","{""Object"":""mushroom"",""Species"":""Amanita Muscaria""}"
img_266.jpg,12019,"{}",1,0,"{""name"":""rect"",""x"":74,""y"":31,""width"":124,""height"":133}","{""Object"":""mushroom"",""Species"":""Amanita Muscaria""}"
img_267.jpg,12130,"{}",1,0,"{""name"":""rect"",""x"":87,""y"":57,""width"":91,""height"":70}","{""Object"":""mushroom"",""Species"":""Amanita Muscaria""}"
img_272.jpg,38422,"{}",2,0,"{""name"":""rect"",""x"":222,""y"":180,""width"":127,""height"":176}","{""Object"":""mushroom"",""Species"":""Amanita Muscaria""}"
img_272.jpg,38422,"{}",2,1,"{""name"":""rect"",""x"":334,""y"":111,""width"":182,""height"":198}","{""Object"":""mushroom"",""Species"":""Amanita Muscaria""}"
img_273.jpg,13888,"{}",3,0,"{""name"":""rect"",""x"":40,""y"":26,""width"":79,""height"":117}","{""Object"":""mushroom"",""Species"":""Amanita Muscaria""}"
img_273.jpg,13888,"{}",3,1,"{""name"":""rect"",""x"":124,""y"":83,""width"":78,""height"":74}","{""Object"":""mushroom"",""Species"":""Amanita Muscaria""}"
img_273.jpg,13888,"{}",3,2,"{""name"":""rect"",""x"":148,""y"":14,""width"":77,""height"":71}","{""Object"":""mushroom"",""Species"":""Amanita Muscaria""}"
img_274.jpg,13126,"{}",3,0,"{""name"":""rect"",""x"":16,""y"":33,""width"":98,""height"":115}","{""Object"":""mushroom"",""Species"":""Amanita Muscaria""}"
img_274.jpg,13126,"{}",3,1,"{""name"":""rect"",""x"":183,""y"":66,""width"":50,""height"":82}","{""Object"":""mushroom"",""Species"":""Amanita Muscaria""}"
img_274.jpg,13126,"{}",3,2,"{""name"":""rect"",""x"":86,""y"":45,""width"":93,""height"":116}","{""Object"":""mushroom"",""Species"":""Amanita Muscaria""}"
img_283.jpg,289805,"{}",1,0,"{""name"":""rect"",""x"":900,""y"":27,""width"":783,""height"":694}","{""Object"":""mushroom"",""Species"":""Amanita Muscaria""}"
img_285.jpg,11688,"{}",2,0,"{""name"":""rect"",""x"":5,""y"":52,""width"":105,""height"":117}","{""Object"":""mushroom"",""Species"":""Amanita Muscaria""}"
img_285.jpg,11688,"{}",2,1,"{""name"":""rect"",""x"":134,""y"":61,""width"":137,""height"":115}","{""Object"":""mushroom"",""Species"":""Amanita Muscaria""}"
img_287.jpg,9820,"{}",3,0,"{""name"":""rect"",""x"":36,""y"":56,""width"":106,""height"":88}","{""Object"":""mushroom"",""Species"":""Amanita Muscaria""}"
img_287.jpg,9820,"{}",3,1,"{""name"":""rect"",""x"":134,""y"":52,""width"":88,""height"":80}","{""Object"":""mushroom"",""Species"":""Amanita Muscaria""}"
img_287.jpg,9820,"{}",3,2,"{""name"":""rect"",""x"":163,""y"":0,""width"":137,""height"":120}","{""Object"":""mushroom"",""Species"":""Amanita Muscaria""}"
img_291.jpg,250957,"{}",3,0,"{""name"":""rect"",""x"":92,""y"":55,""width"":278,""height"":310}","{""Object"":""mushroom"",""Species"":""Amanita Muscaria""}"
img_291.jpg,250957,"{}",3,1,"{""name"":""rect"",""x"":377,""y"":96,""width"":224,""height"":303}","{""Object"":""mushroom"",""Species"":""Amanita Muscaria""}"
img_291.jpg,250957,"{}",3,2,"{""name"":""rect"",""x"":424,""y"":287,""width"":346,""height"":214}","{""Object"":""mushroom"",""Species"":""Amanita Muscaria""}"
img_294.jpg,14506,"{}",1,0,"{""name"":""rect"",""x"":103,""y"":60,""width"":60,""height"":74}","{""Object"":""mushroom"",""Species"":""Amanita Muscaria""}"
img_299.jpg,11598,"{}",1,0,"{""name"":""rect"",""x"":52,""y"":25,""width"":180,""height"":138}","{""Object"":""mushroom"",""Species"":""Amanita Muscaria""}"
img_300.jpg,254318,"{}",2,0,"{""name"":""rect"",""x"":47,""y"":16,""width"":332,""height"":381}","{""Object"":""mushroom"",""Species"":""Amanita Muscaria""}"
img_300.jpg,254318,"{}",2,1,"{""name"":""rect"",""x"":372,""y"":82,""width"":259,""height"":421}","{""Object"":""mushroom"",""Species"":""Amanita Muscaria""}"
img_301.jpg,18332,"{}",3,0,"{""name"":""rect"",""x"":47,""y"":23,""width"":179,""height"":157}","{""Object"":""mushroom"",""Species"":""Amanita Muscaria""}"
img_301.jpg,18332,"{}",3,1,"{""name"":""rect"",""x"":39,""y"":116,""width"":64,""height"":66}","{""Object"":""mushroom"",""Species"":""Amanita Muscaria""}"
img_301.jpg,18332,"{}",3,2,"{""name"":""rect"",""x"":21,""y"":79,""width"":107,""height"":38}","{""Object"":""mushroom"",""Species"":""Amanita Muscaria""}"
img_304.jpg,235448,"{}",7,0,"{""name"":""rect"",""x"":34,""y"":233,""width"":149,""height"":208}","{""Object"":""mushroom"",""Species"":""Amanita Muscaria""}"
img_304.jpg,235448,"{}",7,1,"{""name"":""rect"",""x"":328,""y"":308,""width"":93,""height"":151}","{""Object"":""mushroom"",""Species"":""Amanita Muscaria""}"
img_304.jpg,235448,"{}",7,2,"{""name"":""rect"",""x"":478,""y"":314,""width"":112,""height"":189}","{""Object"":""mushroom"",""Species"":""Amanita Muscaria""}"
img_304.jpg,235448,"{}",7,3,"{""name"":""rect"",""x"":594,""y"":193,""width"":159,""height"":236}","{""Object"":""mushroom"",""Species"":""Amanita Muscaria""}"
img_304.jpg,235448,"{}",7,4,"{""name"":""rect"",""x"":577,""y"":59,""width"":169,""height"":131}","{""Object"":""mushroom"",""Species"":""Amanita Muscaria""}"
img_304.jpg,235448,"{}",7,5,"{""name"":""rect"",""x"":75,""y"":67,""width"":246,""height"":371}","{""Object"":""mushroom"",""Species"":""Amanita Muscaria""}"
img_304.jpg,235448,"{}",7,6,"{""name"":""rect"",""x"":321,""y"":109,""width"":200,""height"":204}","{""Object"":""mushroom"",""Species"":""Amanita Muscaria""}"
img_306.jpg,11224,"{}",3,0,"{""name"":""rect"",""x"":5,""y"":94,""width"":67,""height"":79}","{""Object"":""mushroom"",""Species"":""Amanita Muscaria""}"
img_306.jpg,11224,"{}",3,1,"{""name"":""rect"",""x"":42,""y"":23,""width"":96,""height"":138}","{""Object"":""mushroom"",""Species"":""Amanita Muscaria""}"
img_306.jpg,11224,"{}",3,2,"{""name"":""rect"",""x"":105,""y"":8,""width"":161,""height"":164}","{""Object"":""mushroom"",""Species"":""Amanita Muscaria""}"
img_308.jpg,13944,"{}",2,0,"{""name"":""rect"",""x"":21,""y"":11,""width"":114,""height"":159}","{""Object"":""mushroom"",""Species"":""Amanita Muscaria""}"
img_308.jpg,13944,"{}",2,1,"{""name"":""rect"",""x"":126,""y"":29,""width"":107,""height"":141}","{""Object"":""mushroom"",""Species"":""Amanita Muscaria""}"
img_309.jpg,137345,"{}",1,0,"{""name"":""rect"",""x"":16,""y"":13,""width"":767,""height"":427}","{""Object"":""mushroom"",""Species"":""Amanita Muscaria""}"
img_311.jpg,13106,"{}",4,0,"{""name"":""rect"",""x"":147,""y"":112,""width"":35,""height"":48}","{""Object"":""mushroom"",""Species"":""Amanita Muscaria""}"
img_311.jpg,13106,"{}",4,1,"{""name"":""rect"",""x"":187,""y"":9,""width"":83,""height"":58}","{""Object"":""mushroom"",""Species"":""Amanita Muscaria""}"
img_311.jpg,13106,"{}",4,2,"{""name"":""rect"",""x"":75,""y"":34,""width"":117,""height"":68}","{""Object"":""mushroom"",""Species"":""Amanita Muscaria""}"
img_311.jpg,13106,"{}",4,3,"{""name"":""rect"",""x"":11,""y"":71,""width"":125,""height"":68}","{""Object"":""mushroom"",""Species"":""Amanita Muscaria""}"
img_313.jpg,56329,"{}",2,0,"{""name"":""rect"",""x"":76,""y"":224,""width"":281,""height"":255}","{""Object"":""mushroom"",""Species"":""Amanita Muscaria""}"
img_313.jpg,56329,"{}",2,1,"{""name"":""rect"",""x"":107,""y"":63,""width"":306,""height"":161}","{""Object"":""mushroom"",""Species"":""Amanita Muscaria""}"
img_315.jpg,15990,"{}",7,0,"{""name"":""rect"",""x"":138,""y"":5,""width"":116,""height"":98}","{""Object"":""mushroom"",""Species"":""Amanita Muscaria""}"
img_315.jpg,15990,"{}",7,1,"{""name"":""rect"",""x"":161,""y"":111,""width"":38,""height"":59}","{""Object"":""mushroom"",""Species"":""Amanita Muscaria""}"
img_315.jpg,15990,"{}",7,2,"{""name"":""rect"",""x"":196,""y"":119,""width"":42,""height"":48}","{""Object"":""mushroom"",""Species"":""Amanita Muscaria""}"
img_315.jpg,15990,"{}",7,3,"{""name"":""rect"",""x"":78,""y"":118,""width"":39,""height"":51}","{""Object"":""mushroom"",""Species"":""Amanita Muscaria""}"
img_315.jpg,15990,"{}",7,4,"{""name"":""rect"",""x"":33,""y"":86,""width"":52,""height"":63}","{""Object"":""mushroom"",""Species"":""Amanita Muscaria""}"
img_315.jpg,15990,"{}",7,5,"{""name"":""rect"",""x"":7,""y"":3,""width"":82,""height"":77}","{""Object"":""mushroom"",""Species"":""Amanita Muscaria""}"
img_315.jpg,15990,"{}",7,6,"{""name"":""rect"",""x"":66,""y"":44,""width"":80,""height"":90}","{""Object"":""mushroom"",""Species"":""Amanita Muscaria""}"
img_317.jpg,255165,"{}",1,0,"{""name"":""rect"",""x"":131,""y"":39,""width"":549,""height"":543}","{""Object"":""mushroom"",""Species"":""Amanita Muscaria""}"
img_322.jpg,11214,"{}",1,0,"{""name"":""rect"",""x"":50,""y"":33,""width"":128,""height"":132}","{""Object"":""mushroom"",""Species"":""Amanita Muscaria""}"
img_323.jpg,9354,"{}",1,0,"{""name"":""rect"",""x"":47,""y"":1,""width"":278,""height"":139}","{""Object"":""mushroom"",""Species"":""Amanita Muscaria""}"
img_324.jpg,16259,"{}",4,0,"{""name"":""rect"",""x"":160,""y"":93,""width"":54,""height"":71}","{""Object"":""mushroom"",""Species"":""Amanita Muscaria""}"
img_324.jpg,16259,"{}",4,1,"{""name"":""rect"",""x"":59,""y"":11,""width"":104,""height"":157}","{""Object"":""mushroom"",""Species"":""Amanita Muscaria""}"
img_324.jpg,16259,"{}",4,2,"{""name"":""rect"",""x"":113,""y"":84,""width"":42,""height"":79}","{""Object"":""mushroom"",""Species"":""Amanita Muscaria""}"
img_324.jpg,16259,"{}",4,3,"{""name"":""rect"",""x"":144,""y"":125,""width"":31,""height"":42}","{""Object"":""mushroom"",""Species"":""Amanita Muscaria""}"
img_325.jpg,7252,"{}",2,0,"{""name"":""rect"",""x"":98,""y"":79,""width"":66,""height"":95}","{""Object"":""mushroom"",""Species"":""Amanita Muscaria""}"
img_325.jpg,7252,"{}",2,1,"{""name"":""rect"",""x"":146,""y"":49,""width"":94,""height"":90}","{""Object"":""mushroom"",""Species"":""Amanita Muscaria""}"
img_326.jpg,7977,"{}",2,0,"{""name"":""rect"",""x"":27,""y"":186,""width"":42,""height"":46}","{""Object"":""mushroom"",""Species"":""Amanita Muscaria""}"
img_326.jpg,7977,"{}",2,1,"{""name"":""rect"",""x"":19,""y"":28,""width"":155,""height"":221}","{""Object"":""mushroom"",""Species"":""Amanita Muscaria""}"
img_328.jpg,10259,"{}",1,0,"{""name"":""rect"",""x"":16,""y"":57,""width"":218,""height"":105}","{""Object"":""mushroom"",""Species"":""Amanita Muscaria""}"
img_330.jpg,10302,"{}",1,0,"{""name"":""rect"",""x"":67,""y"":5,""width"":131,""height"":170}","{""Object"":""mushroom"",""Species"":""Amanita Muscaria""}"
img_333.jpg,8860,"{}",1,0,"{""name"":""rect"",""x"":40,""y"":32,""width"":194,""height"":126}","{""Object"":""mushroom"",""Species"":""Amanita Muscaria""}"
img_334.jpg,146490,"{}",3,0,"{""name"":""rect"",""x"":288,""y"":411,""width"":205,""height"":258}","{""Object"":""mushroom"",""Species"":""Amanita Muscaria""}"
img_334.jpg,146490,"{}",3,1,"{""name"":""rect"",""x"":321,""y"":36,""width"":444,""height"":547}","{""Object"":""mushroom"",""Species"":""Amanita Muscaria""}"
img_334.jpg,146490,"{}",3,2,"{""name"":""rect"",""x"":785,""y"":465,""width"":125,""height"":164}","{""Object"":""mushroom"",""Species"":""Amanita Muscaria""}"
img_335.jpg,198194,"{}",5,0,"{""name"":""rect"",""x"":309,""y"":420,""width"":158,""height"":163}","{""Object"":""mushroom"",""Species"":""Amanita Muscaria""}"
img_335.jpg,198194,"{}",5,1,"{""name"":""rect"",""x"":77,""y"":181,""width"":106,""height"":132}","{""Object"":""mushroom"",""Species"":""Amanita Muscaria""}"
img_335.jpg,198194,"{}",5,2,"{""name"":""rect"",""x"":289,""y"":99,""width"":111,""height"":134}","{""Object"":""mushroom"",""Species"":""Amanita Muscaria""}"
img_335.jpg,198194,"{}",5,3,"{""name"":""rect"",""x"":480,""y"":161,""width"":90,""height"":97}","{""Object"":""mushroom"",""Species"":""Amanita Muscaria""}"
img_335.jpg,198194,"{}",5,4,"{""name"":""rect"",""x"":402,""y"":78,""width"":93,""height"":94}","{""Object"":""mushroom"",""Species"":""Amanita Muscaria""}"
img_336.jpg,127665,"{}",1,0,"{""name"":""rect"",""x"":6,""y"":10,""width"":785,""height"":515}","{""Object"":""mushroom"",""Species"":""Amanita Muscaria""}"
img_337.jpg,15790,"{}",3,0,"{""name"":""rect"",""x"":71,""y"":137,""width"":81,""height"":75}","{""Object"":""mushroom"",""Species"":""Amanita Muscaria""}"
img_337.jpg,15790,"{}",3,1,"{""name"":""rect"",""x"":10,""y"":10,""width"":108,""height"":120}","{""Object"":""mushroom"",""Species"":""Amanita Muscaria""}"
img_337.jpg,15790,"{}",3,2,"{""name"":""rect"",""x"":124,""y"":23,""width"":89,""height"":152}","{""Object"":""mushroom"",""Species"":""Amanita Muscaria""}"
img_339.jpg,14391,"{}",1,0,"{""name"":""rect"",""x"":14,""y"":72,""width"":129,""height"":152}","{""Object"":""mushroom"",""Species"":""Amanita Muscaria""}"
img_342.jpg,7956,"{}",3,0,"{""name"":""rect"",""x"":44,""y"":66,""width"":90,""height"":91}","{""Object"":""mushroom"",""Species"":""Amanita Muscaria""}"
img_342.jpg,7956,"{}",3,1,"{""name"":""rect"",""x"":167,""y"":86,""width"":91,""height"":76}","{""Object"":""mushroom"",""Species"":""Amanita Muscaria""}"
img_342.jpg,7956,"{}",3,2,"{""name"":""rect"",""x"":139,""y"":69,""width"":88,""height"":35}","{""Object"":""mushroom"",""Species"":""Amanita Muscaria""}"
img_343.jpg,11644,"{}",1,0,"{""name"":""rect"",""x"":88,""y"":64,""width"":88,""height"":60}","{""Object"":""mushroom"",""Species"":""Amanita Muscaria""}"
img_346.jpg,7559,"{}",1,0,"{""name"":""rect"",""x"":101,""y"":40,""width"":132,""height"":118}","{""Object"":""mushroom"",""Species"":""Amanita Muscaria""}"
img_347.jpg,245410,"{}",1,0,"{""name"":""rect"",""x"":108,""y"":20,""width"":656,""height"":683}","{""Object"":""mushroom"",""Species"":""Amanita Muscaria""}"
img_349.jpg,12895,"{}",3,0,"{""name"":""rect"",""x"":189,""y"":94,""width"":74,""height"":88}","{""Object"":""mushroom"",""Species"":""Amanita Muscaria""}"
img_349.jpg,12895,"{}",3,1,"{""name"":""rect"",""x"":80,""y"":87,""width"":52,""height"":36}","{""Object"":""mushroom"",""Species"":""Amanita Muscaria""}"
img_349.jpg,12895,"{}",3,2,"{""name"":""rect"",""x"":59,""y"":29,""width"":90,""height"":51}","{""Object"":""mushroom"",""Species"":""Amanita Muscaria""}"
img_350.jpg,15643,"{}",2,0,"{""name"":""rect"",""x"":38,""y"":40,""width"":92,""height"":100}","{""Object"":""mushroom"",""Species"":""Amanita Muscaria""}"
img_350.jpg,15643,"{}",2,1,"{""name"":""rect"",""x"":130,""y"":29,""width"":84,""height"":117}","{""Object"":""mushroom"",""Species"":""Amanita Muscaria""}"
img_351.jpg,76843,"{}",4,0,"{""name"":""rect"",""x"":28,""y"":54,""width"":277,""height"":312}","{""Object"":""mushroom"",""Species"":""Amanita Muscaria""}"
img_351.jpg,76843,"{}",4,1,"{""name"":""rect"",""x"":555,""y"":177,""width"":225,""height"":258}","{""Object"":""mushroom"",""Species"":""Amanita Muscaria""}"
img_351.jpg,76843,"{}",4,2,"{""name"":""rect"",""x"":341,""y"":224,""width"":290,""height"":154}","{""Object"":""mushroom"",""Species"":""Amanita Muscaria""}"
img_351.jpg,76843,"{}",4,3,"{""name"":""rect"",""x"":258,""y"":120,""width"":317,""height"":100}","{""Object"":""mushroom"",""Species"":""Amanita Muscaria""}"
img_353.jpg,15895,"{}",1,0,"{""name"":""rect"",""x"":152,""y"":5,""width"":121,""height"":110}","{""Object"":""mushroom"",""Species"":""Amanita Muscaria""}"
img_354.jpg,4212,"{}",1,0,"{""name"":""rect"",""x"":5,""y"":3,""width"":88,""height"":89}","{""Object"":""mushroom"",""Species"":""Amanita Muscaria""}"
img_357.jpg,15234,"{}",3,0,"{""name"":""rect"",""x"":67,""y"":41,""width"":108,""height"":138}","{""Object"":""mushroom"",""Species"":""Amanita Muscaria""}"
img_357.jpg,15234,"{}",3,1,"{""name"":""rect"",""x"":115,""y"":81,""width"":49,""height"":88}","{""Object"":""mushroom"",""Species"":""Amanita Muscaria""}"
img_357.jpg,15234,"{}",3,2,"{""name"":""rect"",""x"":173,""y"":34,""width"":41,""height"":70}","{""Object"":""mushroom"",""Species"":""Amanita Muscaria""}"
img_358.jpg,27952,"{}",1,0,"{""name"":""rect"",""x"":28,""y"":141,""width"":307,""height"":368}","{""Object"":""mushroom"",""Species"":""Amanita Muscaria""}"
img_362.jpg,13092,"{}",1,0,"{""name"":""rect"",""x"":6,""y"":7,""width"":189,""height"":208}","{""Object"":""mushroom"",""Species"":""Amanita Muscaria""}"
img_365.jpg,10349,"{}",1,0,"{""name"":""rect"",""x"":6,""y"":71,""width"":84,""height"":60}","{""Object"":""mushroom"",""Species"":""Amanita Muscaria""}"
img_367.jpg,276835,"{}",2,0,"{""name"":""rect"",""x"":115,""y"":155,""width"":334,""height"":333}","{""Object"":""mushroom"",""Species"":""Amanita Muscaria""}"
img_367.jpg,276835,"{}",2,1,"{""name"":""rect"",""x"":375,""y"":191,""width"":279,""height"":271}","{""Object"":""mushroom"",""Species"":""Amanita Muscaria""}"
img_374.jpg,11319,"{}",1,0,"{""name"":""rect"",""x"":76,""y"":73,""width"":127,""height"":109}","{""Object"":""mushroom"",""Species"":""Amanita Muscaria""}"
img_377.jpg,7976,"{}",1,0,"{""name"":""rect"",""x"":7,""y"":17,""width"":202,""height"":147}","{""Object"":""mushroom"",""Species"":""Amanita Muscaria""}"
img_379.jpg,7371,"{}",1,0,"{""name"":""rect"",""x"":90,""y"":63,""width"":107,""height"":109}","{""Object"":""mushroom"",""Species"":""Amanita Muscaria""}"
img_381.jpg,6052,"{}",1,0,"{""name"":""rect"",""x"":22,""y"":4,""width"":77,""height"":77}","{""Object"":""mushroom"",""Species"":""Amanita Muscaria""}"
img_384.jpg,189934,"{}",2,0,"{""name"":""rect"",""x"":107,""y"":9,""width"":426,""height"":534}","{""Object"":""mushroom"",""Species"":""Amanita Muscaria""}"
img_384.jpg,189934,"{}",2,1,"{""name"":""rect"",""x"":434,""y"":303,""width"":174,""height"":126}","{""Object"":""mushroom"",""Species"":""Amanita Muscaria""}"
img_387.jpg,13310,"{}",6,0,"{""name"":""rect"",""x"":19,""y"":89,""width"":33,""height"":59}","{""Object"":""mushroom"",""Species"":""Amanita Muscaria""}"
img_387.jpg,13310,"{}",6,1,"{""name"":""rect"",""x"":134,""y"":29,""width"":57,""height"":140}","{""Object"":""mushroom"",""Species"":""Amanita Muscaria""}"
img_387.jpg,13310,"{}",6,2,"{""name"":""rect"",""x"":182,""y"":38,""width"":69,""height"":142}","{""Object"":""mushroom"",""Species"":""Amanita Muscaria""}"
img_387.jpg,13310,"{}",6,3,"{""name"":""rect"",""x"":71,""y"":93,""width"":36,""height"":48}","{""Object"":""mushroom"",""Species"":""Amanita Muscaria""}"
img_387.jpg,13310,"{}",6,4,"{""name"":""rect"",""x"":91,""y"":50,""width"":44,""height"":89}","{""Object"":""mushroom"",""Species"":""Amanita Muscaria""}"
img_387.jpg,13310,"{}",6,5,"{""name"":""rect"",""x"":123,""y"":86,""width"":35,""height"":60}","{""Object"":""mushroom"",""Species"":""Amanita Muscaria""}"
img_388.jpg,130210,"{}",6,0,"{""name"":""rect"",""x"":466,""y"":87,""width"":259,""height"":214}","{""Object"":""mushroom"",""Species"":""Amanita Muscaria""}"
img_388.jpg,130210,"{}",6,1,"{""name"":""rect"",""x"":532,""y"":286,""width"":97,""height"":96}","{""Object"":""mushroom"",""Species"":""Amanita Muscaria""}"
img_388.jpg,130210,"{}",6,2,"{""name"":""rect"",""x"":346,""y"":192,""width"":125,""height"":119}","{""Object"":""mushroom"",""Species"":""Amanita Muscaria""}"
img_388.jpg,130210,"{}",6,3,"{""name"":""rect"",""x"":9,""y"":140,""width"":141,""height"":62}","{""Object"":""mushroom"",""Species"":""Amanita Muscaria""}"
img_388.jpg,130210,"{}",6,4,"{""name"":""rect"",""x"":203,""y"":273,""width"":131,""height"":122}","{""Object"":""mushroom"",""Species"":""Amanita Muscaria""}"
img_388.jpg,130210,"{}",6,5,"{""name"":""rect"",""x"":30,""y"":190,""width"":311,""height"":189}","{""Object"":""mushroom"",""Species"":""Amanita Muscaria""}"
img_389.jpg,14707,"{}",2,0,"{""name"":""rect"",""x"":75,""y"":44,""width"":94,""height"":120}","{""Object"":""mushroom"",""Species"":""Amanita Muscaria""}"
img_389.jpg,14707,"{}",2,1,"{""name"":""rect"",""x"":128,""y"":54,""width"":113,""height"":116}","{""Object"":""mushroom"",""Species"":""Amanita Muscaria""}"
img_390.jpg,198966,"{}",1,0,"{""name"":""rect"",""x"":173,""y"":77,""width"":385,""height"":438}","{""Object"":""mushroom"",""Species"":""Amanita Muscaria""}"
img_391.jpg,194137,"{}",3,0,"{""name"":""rect"",""x"":123,""y"":197,""width"":189,""height"":266}","{""Object"":""mushroom"",""Species"":""Amanita Muscaria""}"
img_391.jpg,194137,"{}",3,1,"{""name"":""rect"",""x"":332,""y"":230,""width"":159,""height"":221}","{""Object"":""mushroom"",""Species"":""Amanita Muscaria""}"
img_391.jpg,194137,"{}",3,2,"{""name"":""rect"",""x"":445,""y"":26,""width"":303,""height"":439}","{""Object"":""mushroom"",""Species"":""Amanita Muscaria""}"
img_392.jpg,28911,"{}",1,0,"{""name"":""rect"",""x"":64,""y"":20,""width"":90,""height"":113}","{""Object"":""mushroom"",""Species"":""Amanita Muscaria""}"
img_393.jpg,18881,"{}",2,0,"{""name"":""rect"",""x"":108,""y"":30,""width"":114,""height"":170}","{""Object"":""mushroom"",""Species"":""Amanita Muscaria""}"
img_393.jpg,18881,"{}",2,1,"{""name"":""rect"",""x"":3,""y"":36,""width"":106,""height"":150}","{""Object"":""mushroom"",""Species"":""Amanita Muscaria""}"
img_397.jpg,12158,"{}",2,0,"{""name"":""rect"",""x"":35,""y"":80,""width"":55,""height"":73}","{""Object"":""mushroom"",""Species"":""Amanita Muscaria""}"
img_397.jpg,12158,"{}",2,1,"{""name"":""rect"",""x"":78,""y"":14,""width"":160,""height"":146}","{""Object"":""mushroom"",""Species"":""Amanita Muscaria""}"
img_400.jpg,9685,"{}",2,0,"{""name"":""rect"",""x"":15,""y"":32,""width"":82,""height"":207}","{""Object"":""mushroom"",""Species"":""Amanita Muscaria""}"
img_400.jpg,9685,"{}",2,1,"{""name"":""rect"",""x"":83,""y"":46,""width"":81,""height"":190}","{""Object"":""mushroom"",""Species"":""Amanita Muscaria""}"
img_402.jpg,11169,"{}",1,0,"{""name"":""rect"",""x"":23,""y"":51,""width"":128,""height"":203}","{""Object"":""mushroom"",""Species"":""Amanita Muscaria""}"
img_403.jpg,19191,"{}",5,0,"{""name"":""rect"",""x"":3,""y"":116,""width"":62,""height"":76}","{""Object"":""mushroom"",""Species"":""Amanita Muscaria""}"
img_403.jpg,19191,"{}",5,1,"{""name"":""rect"",""x"":16,""y"":55,""width"":93,""height"":104}","{""Object"":""mushroom"",""Species"":""Amanita Muscaria""}"
img_403.jpg,19191,"{}",5,2,"{""name"":""rect"",""x"":89,""y"":156,""width"":34,""height"":52}","{""Object"":""mushroom"",""Species"":""Amanita Muscaria""}"
img_403.jpg,19191,"{}",5,3,"{""name"":""rect"",""x"":170,""y"":102,""width"":46,""height"":96}","{""Object"":""mushroom"",""Species"":""Amanita Muscaria""}"
img_403.jpg,19191,"{}",5,4,"{""name"":""rect"",""x"":98,""y"":77,""width"":55,""height"":76}","{""Object"":""mushroom"",""Species"":""Amanita Muscaria""}"
img_404.jpg,15671,"{}",4,0,"{""name"":""rect"",""x"":8,""y"":59,""width"":81,""height"":77}","{""Object"":""mushroom"",""Species"":""Amanita Muscaria""}"
img_404.jpg,15671,"{}",4,1,"{""name"":""rect"",""x"":179,""y"":102,""width"":46,""height"":39}","{""Object"":""mushroom"",""Species"":""Amanita Muscaria""}"
img_404.jpg,15671,"{}",4,2,"{""name"":""rect"",""x"":236,""y"":108,""width"":37,""height"":33}","{""Object"":""mushroom"",""Species"":""Amanita Muscaria""}"
img_404.jpg,15671,"{}",4,3,"{""name"":""rect"",""x"":195,""y"":79,""width"":77,""height"":56}","{""Object"":""mushroom"",""Species"":""Amanita Muscaria""}"
img_406.jpg,15365,"{}",4,0,"{""name"":""rect"",""x"":18,""y"":36,""width"":72,""height"":97}","{""Object"":""mushroom"",""Species"":""Amanita Muscaria""}"
img_406.jpg,15365,"{}",4,1,"{""name"":""rect"",""x"":130,""y"":130,""width"":70,""height"":30}","{""Object"":""mushroom"",""Species"":""Amanita Muscaria""}"
img_406.jpg,15365,"{}",4,2,"{""name"":""rect"",""x"":140,""y"":65,""width"":80,""height"":67}","{""Object"":""mushroom"",""Species"":""Amanita Muscaria""}"
img_406.jpg,15365,"{}",4,3,"{""name"":""rect"",""x"":170,""y"":22,""width"":97,""height"":106}","{""Object"":""mushroom"",""Species"":""Amanita Muscaria""}"
img_407.jpg,213071,"{}",1,0,"{""name"":""rect"",""x"":26,""y"":20,""width"":703,""height"":539}","{""Object"":""mushroom"",""Species"":""Amanita Muscaria""}"
img_410.jpg,85731,"{}",1,0,"{""name"":""rect"",""x"":288,""y"":254,""width"":385,""height"":425}","{""Object"":""mushroom"",""Species"":""Amanita Muscaria""}"
img_412.jpg,218643,"{}",1,0,"{""name"":""rect"",""x"":51,""y"":25,""width"":564,""height"":458}","{""Object"":""mushroom"",""Species"":""Amanita Muscaria""}"
img_415.jpg,14447,"{}",1,0,"{""name"":""rect"",""x"":85,""y"":5,""width"":124,""height"":158}","{""Object"":""mushroom"",""Species"":""Amanita Muscaria""}"
img_417.jpg,14919,"{}",2,0,"{""name"":""rect"",""x"":115,""y"":89,""width"":42,""height"":49}","{""Object"":""mushroom"",""Species"":""Amanita Muscaria""}"
img_417.jpg,14919,"{}",2,1,"{""name"":""rect"",""x"":156,""y"":96,""width"":62,""height"":57}","{""Object"":""mushroom"",""Species"":""Amanita Muscaria""}"
img_418.jpg,232485,"{}",6,0,"{""name"":""rect"",""x"":100,""y"":208,""width"":216,""height"":309}","{""Object"":""mushroom"",""Species"":""Amanita Muscaria""}"
img_418.jpg,232485,"{}",6,1,"{""name"":""rect"",""x"":450,""y"":244,""width"":197,""height"":218}","{""Object"":""mushroom"",""Species"":""Amanita Muscaria""}"
img_418.jpg,232485,"{}",6,2,"{""name"":""rect"",""x"":286,""y"":297,""width"":157,""height"":202}","{""Object"":""mushroom"",""Species"":""Amanita Muscaria""}"
img_418.jpg,232485,"{}",6,3,"{""name"":""rect"",""x"":525,""y"":121,""width"":245,""height"":245}","{""Object"":""mushroom"",""Species"":""Amanita Muscaria""}"
img_418.jpg,232485,"{}",6,4,"{""name"":""rect"",""x"":345,""y"":92,""width"":182,""height"":138}","{""Object"":""mushroom"",""Species"":""Amanita Muscaria""}"
img_418.jpg,232485,"{}",6,5,"{""name"":""rect"",""x"":262,""y"":168,""width"":139,""height"":128}","{""Object"":""mushroom"",""Species"":""Amanita Muscaria""}"
img_419.jpg,152287,"{}",1,0,"{""name"":""rect"",""x"":119,""y"":45,""width"":524,""height"":376}","{""Object"":""mushroom"",""Species"":""Amanita Muscaria""}"
img_423.jpg,3676,"{}",2,0,"{""name"":""rect"",""x"":1,""y"":31,""width"":91,""height"":49}","{""Object"":""mushroom"",""Species"":""Amanita Muscaria""}"
img_423.jpg,3676,"{}",2,1,"{""name"":""rect"",""x"":5,""y"":12,""width"":35,""height"":28}","{""Object"":""mushroom"",""Species"":""Amanita Muscaria""}"
img_425.jpg,14256,"{}",2,0,"{""name"":""rect"",""x"":69,""y"":79,""width"":97,""height"":93}","{""Object"":""mushroom"",""Species"":""Amanita Muscaria""}"
img_425.jpg,14256,"{}",2,1,"{""name"":""rect"",""x"":86,""y"":7,""width"":81,""height"":67}","{""Object"":""mushroom"",""Species"":""Amanita Muscaria""}"
img_426.jpg,7542,"{}",1,0,"{""name"":""rect"",""x"":79,""y"":30,""width"":114,""height"":124}","{""Object"":""mushroom"",""Species"":""Amanita Muscaria""}"
img_429.jpg,9965,"{}",1,0,"{""name"":""rect"",""x"":83,""y"":24,""width"":109,""height"":102}","{""Object"":""mushroom"",""Species"":""Amanita Muscaria""}"
img_430.jpg,9907,"{}",1,0,"{""name"":""rect"",""x"":6,""y"":25,""width"":177,""height"":207}","{""Object"":""mushroom"",""Species"":""Amanita Muscaria""}"
img_433.jpg,13264,"{}",2,0,"{""name"":""rect"",""x"":92,""y"":78,""width"":73,""height"":84}","{""Object"":""mushroom"",""Species"":""Amanita Muscaria""}"
img_433.jpg,13264,"{}",2,1,"{""name"":""rect"",""x"":108,""y"":6,""width"":124,""height"":132}","{""Object"":""mushroom"",""Species"":""Amanita Muscaria""}"
img_434.jpg,18956,"{}",4,0,"{""name"":""rect"",""x"":5,""y"":38,""width"":110,""height"":117}","{""Object"":""mushroom"",""Species"":""Amanita Muscaria""}"
img_434.jpg,18956,"{}",4,1,"{""name"":""rect"",""x"":92,""y"":92,""width"":70,""height"":81}","{""Object"":""mushroom"",""Species"":""Amanita Muscaria""}"
img_434.jpg,18956,"{}",4,2,"{""name"":""rect"",""x"":153,""y"":49,""width"":114,""height"":60}","{""Object"":""mushroom"",""Species"":""Amanita Muscaria""}"
img_434.jpg,18956,"{}",4,3,"{""name"":""rect"",""x"":165,""y"":110,""width"":81,""height"":48}","{""Object"":""mushroom"",""Species"":""Amanita Muscaria""}"
img_435.jpg,12574,"{}",1,0,"{""name"":""rect"",""x"":117,""y"":37,""width"":116,""height"":114}","{""Object"":""mushroom"",""Species"":""Amanita Muscaria""}"
img_439.jpg,10456,"{}",4,0,"{""name"":""rect"",""x"":100,""y"":60,""width"":86,""height"":92}","{""Object"":""mushroom"",""Species"":""Amanita Muscaria""}"
img_439.jpg,10456,"{}",4,1,"{""name"":""rect"",""x"":222,""y"":63,""width"":62,""height"":84}","{""Object"":""mushroom"",""Species"":""Amanita Muscaria""}"
img_439.jpg,10456,"{}",4,2,"{""name"":""rect"",""x"":22,""y"":19,""width"":100,""height"":124}","{""Object"":""mushroom"",""Species"":""Amanita Muscaria""}"
img_439.jpg,10456,"{}",4,3,"{""name"":""rect"",""x"":70,""y"":101,""width"":37,""height"":38}","{""Object"":""mushroom"",""Species"":""Amanita Muscaria""}"
img_441.jpg,548752,"{}",3,0,"{""name"":""rect"",""x"":25,""y"":50,""width"":723,""height"":667}","{""Object"":""mushroom"",""Species"":""Amanita Muscaria""}"
img_441.jpg,548752,"{}",3,1,"{""name"":""rect"",""x"":937,""y"":433,""width"":231,""height"":288}","{""Object"":""mushroom"",""Species"":""Amanita Muscaria""}"
img_441.jpg,548752,"{}",3,2,"{""name"":""rect"",""x"":602,""y"":142,""width"":417,""height"":549}","{""Object"":""mushroom"",""Species"":""Amanita Muscaria""}"
img_444.jpg,6953,"{}",1,0,"{""name"":""rect"",""x"":63,""y"":53,""width"":97,""height"":114}","{""Object"":""mushroom"",""Species"":""Amanita Muscaria""}"
img_445.jpg,6259,"{}",2,0,"{""name"":""rect"",""x"":91,""y"":97,""width"":57,""height"":64}","{""Object"":""mushroom"",""Species"":""Amanita Muscaria""}"
img_445.jpg,6259,"{}",2,1,"{""name"":""rect"",""x"":14,""y"":29,""width"":149,""height"":113}","{""Object"":""mushroom"",""Species"":""Amanita Muscaria""}"
img_449.jpg,3804,"{}",1,0,"{""name"":""rect"",""x"":24,""y"":50,""width"":53,""height"":42}","{""Object"":""mushroom"",""Species"":""Amanita Muscaria""}"
img_451.jpg,16597,"{}",1,0,"{""name"":""rect"",""x"":92,""y"":47,""width"":78,""height"":83}","{""Object"":""mushroom"",""Species"":""Amanita Muscaria""}"
img_452.jpg,201991,"{}",4,0,"{""name"":""rect"",""x"":248,""y"":252,""width"":132,""height"":217}","{""Object"":""mushroom"",""Species"":""Amanita Muscaria""}"
img_452.jpg,201991,"{}",4,1,"{""name"":""rect"",""x"":322,""y"":332,""width"":141,""height"":230}","{""Object"":""mushroom"",""Species"":""Amanita Muscaria""}"
img_452.jpg,201991,"{}",4,2,"{""name"":""rect"",""x"":115,""y"":20,""width"":432,""height"":385}","{""Object"":""mushroom"",""Species"":""Amanita Muscaria""}"
img_452.jpg,201991,"{}",4,3,"{""name"":""rect"",""x"":411,""y"":136,""width"":274,""height"":417}","{""Object"":""mushroom"",""Species"":""Amanita Muscaria""}"
img_454.jpg,103318,"{}",2,0,"{""name"":""rect"",""x"":354,""y"":166,""width"":451,""height"":411}","{""Object"":""mushroom"",""Species"":""Amanita Muscaria""}"
img_454.jpg,103318,"{}",2,1,"{""name"":""rect"",""x"":707,""y"":211,""width"":291,""height"":360}","{""Object"":""mushroom"",""Species"":""Amanita Muscaria""}"
img_456.jpg,256453,"{}",7,0,"{""name"":""rect"",""x"":173,""y"":395,""width"":73,""height"":123}","{""Object"":""mushroom"",""Species"":""Amanita Muscaria""}"
img_456.jpg,256453,"{}",7,1,"{""name"":""rect"",""x"":270,""y"":378,""width"":86,""height"":122}","{""Object"":""mushroom"",""Species"":""Amanita Muscaria""}"
img_456.jpg,256453,"{}",7,2,"{""name"":""rect"",""x"":34,""y"":162,""width"":219,""height"":224}","{""Object"":""mushroom"",""Species"":""Amanita Muscaria""}"
img_456.jpg,256453,"{}",7,3,"{""name"":""rect"",""x"":90,""y"":13,""width"":345,""height"":355}","{""Object"":""mushroom"",""Species"":""Amanita Muscaria""}"
img_456.jpg,256453,"{}",7,4,"{""name"":""rect"",""x"":432,""y"":100,""width"":342,""height"":378}","{""Object"":""mushroom"",""Species"":""Amanita Muscaria""}"
img_456.jpg,256453,"{}",7,5,"{""name"":""rect"",""x"":287,""y"":202,""width"":175,""height"":186}","{""Object"":""mushroom"",""Species"":""Amanita Muscaria""}"
img_456.jpg,256453,"{}",7,6,"{""name"":""rect"",""x"":318,""y"":123,""width"":215,""height"":113}","{""Object"":""mushroom"",""Species"":""Amanita Muscaria""}"
img_461.jpg,12331,"{}",1,0,"{""name"":""rect"",""x"":5,""y"":10,""width"":182,""height"":213}","{""Object"":""mushroom"",""Species"":""Amanita Muscaria""}"
img_464.jpg,14493,"{}",2,0,"{""name"":""rect"",""x"":44,""y"":14,""width"":122,""height"":111}","{""Object"":""mushroom"",""Species"":""Amanita Muscaria""}"
img_464.jpg,14493,"{}",2,1,"{""name"":""rect"",""x"":135,""y"":35,""width"":83,""height"":107}","{""Object"":""mushroom"",""Species"":""Amanita Muscaria""}"
img_465.jpg,9222,"{}",2,0,"{""name"":""rect"",""x"":163,""y"":47,""width"":87,""height"":118}","{""Object"":""mushroom"",""Species"":""Amanita Muscaria""}"
img_465.jpg,9222,"{}",2,1,"{""name"":""rect"",""x"":18,""y"":3,""width"":151,""height"":164}","{""Object"":""mushroom"",""Species"":""Amanita Muscaria""}"
img_466.jpg,247163,"{}",1,0,"{""name"":""rect"",""x"":222,""y"":18,""width"":567,""height"":498}","{""Object"":""mushroom"",""Species"":""Amanita Muscaria""}"
img_468.jpg,563983,"{}",6,0,"{""name"":""rect"",""x"":37,""y"":369,""width"":227,""height"":269}","{""Object"":""mushroom"",""Species"":""Amanita Muscaria""}"
img_468.jpg,563983,"{}",6,1,"{""name"":""rect"",""x"":323,""y"":511,""width"":140,""height"":153}","{""Object"":""mushroom"",""Species"":""Amanita Muscaria""}"
img_468.jpg,563983,"{}",6,2,"{""name"":""rect"",""x"":435,""y"":361,""width"":125,""height"":214}","{""Object"":""mushroom"",""Species"":""Amanita Muscaria""}"
img_468.jpg,563983,"{}",6,3,"{""name"":""rect"",""x"":626,""y"":431,""width"":135,""height"":232}","{""Object"":""mushroom"",""Species"":""Amanita Muscaria""}"
img_468.jpg,563983,"{}",6,4,"{""name"":""rect"",""x"":669,""y"":104,""width"":191,""height"":366}","{""Object"":""mushroom"",""Species"":""Amanita Muscaria""}"
img_468.jpg,563983,"{}",6,5,"{""name"":""rect"",""x"":196,""y"":11,""width"":365,""height"":493}","{""Object"":""mushroom"",""Species"":""Amanita Muscaria""}"
img_471.jpg,14594,"{}",3,0,"{""name"":""rect"",""x"":7,""y"":100,""width"":65,""height"":114}","{""Object"":""mushroom"",""Species"":""Amanita Muscaria""}"
img_471.jpg,14594,"{}",3,1,"{""name"":""rect"",""x"":31,""y"":12,""width"":95,""height"":178}","{""Object"":""mushroom"",""Species"":""Amanita Muscaria""}"
img_471.jpg,14594,"{}",3,2,"{""name"":""rect"",""x"":94,""y"":54,""width"":114,""height"":158}","{""Object"":""mushroom"",""Species"":""Amanita Muscaria""}"
img_472.jpg,3176,"{}",3,0,"{""name"":""rect"",""x"":39,""y"":47,""width"":83,""height"":61}","{""Object"":""mushroom"",""Species"":""Amanita Muscaria""}"
img_472.jpg,3176,"{}",3,1,"{""name"":""rect"",""x"":111,""y"":96,""width"":41,""height"":31}","{""Object"":""mushroom"",""Species"":""Amanita Muscaria""}"
img_472.jpg,3176,"{}",3,2,"{""name"":""rect"",""x"":66,""y"":114,""width"":61,""height"":43}","{""Object"":""mushroom"",""Species"":""Amanita Muscaria""}"
img_478.jpg,3944,"{}",1,0,"{""name"":""rect"",""x"":54,""y"":62,""width"":139,""height"":67}","{""Object"":""mushroom"",""Species"":""Amanita Muscaria""}"
img_484.jpg,356873,"{}",4,0,"{""name"":""rect"",""x"":87,""y"":173,""width"":280,""height"":270}","{""Object"":""mushroom"",""Species"":""Amanita Muscaria""}"
img_484.jpg,356873,"{}",4,1,"{""name"":""rect"",""x"":525,""y"":145,""width"":235,""height"":236}","{""Object"":""mushroom"",""Species"":""Amanita Muscaria""}"
img_484.jpg,356873,"{}",4,2,"{""name"":""rect"",""x"":275,""y"":130,""width"":243,""height"":260}","{""Object"":""mushroom"",""Species"":""Amanita Muscaria""}"
img_484.jpg,356873,"{}",4,3,"{""name"":""rect"",""x"":387,""y"":189,""width"":236,""height"":229}","{""Object"":""mushroom"",""Species"":""Amanita Muscaria""}"
img_485.jpg,10327,"{}",1,0,"{""name"":""rect"",""x"":7,""y"":59,""width"":152,""height"":171}","{""Object"":""mushroom"",""Species"":""Amanita Muscaria""}"
img_486.jpg,142194,"{}",2,0,"{""name"":""rect"",""x"":203,""y"":139,""width"":336,""height"":505}","{""Object"":""mushroom"",""Species"":""Amanita Muscaria""}"
img_486.jpg,142194,"{}",2,1,"{""name"":""rect"",""x"":480,""y"":246,""width"":209,""height"":347}","{""Object"":""mushroom"",""Species"":""Amanita Muscaria""}"
img_487.jpg,10184,"{}",1,0,"{""name"":""rect"",""x"":40,""y"":9,""width"":193,""height"":159}","{""Object"":""mushroom"",""Species"":""Amanita Muscaria""}"
img_488.jpg,163600,"{}",1,0,"{""name"":""rect"",""x"":249,""y"":115,""width"":315,""height"":280}","{""Object"":""mushroom"",""Species"":""Amanita Muscaria""}"
img_492.jpg,15163,"{}",4,0,"{""name"":""rect"",""x"":115,""y"":50,""width"":76,""height"":106}","{""Object"":""mushroom"",""Species"":""Amanita Muscaria""}"
img_492.jpg,15163,"{}",4,1,"{""name"":""rect"",""x"":191,""y"":50,""width"":80,""height"":70}","{""Object"":""mushroom"",""Species"":""Amanita Muscaria""}"
img_492.jpg,15163,"{}",4,2,"{""name"":""rect"",""x"":22,""y"":69,""width"":65,""height"":78}","{""Object"":""mushroom"",""Species"":""Amanita Muscaria""}"
img_492.jpg,15163,"{}",4,3,"{""name"":""rect"",""x"":79,""y"":81,""width"":50,""height"":55}","{""Object"":""mushroom"",""Species"":""Amanita Muscaria""}"
img_493.jpg,13711,"{}",3,0,"{""name"":""rect"",""x"":19,""y"":22,""width"":115,""height"":106}","{""Object"":""mushroom"",""Species"":""Amanita Muscaria""}"
img_493.jpg,13711,"{}",3,1,"{""name"":""rect"",""x"":150,""y"":81,""width"":88,""height"":80}","{""Object"":""mushroom"",""Species"":""Amanita Muscaria""}"
img_493.jpg,13711,"{}",3,2,"{""name"":""rect"",""x"":101,""y"":62,""width"":96,""height"":29}","{""Object"":""mushroom"",""Species"":""Amanita Muscaria""}"
img_495.jpg,188204,"{}",2,0,"{""name"":""rect"",""x"":71,""y"":58,""width"":363,""height"":488}","{""Object"":""mushroom"",""Species"":""Amanita Muscaria""}"
img_495.jpg,188204,"{}",2,1,"{""name"":""rect"",""x"":400,""y"":96,""width"":310,""height"":469}","{""Object"":""mushroom"",""Species"":""Amanita Muscaria""}"
img_496.jpg,8004,"{}",1,0,"{""name"":""rect"",""x"":96,""y"":44,""width"":99,""height"":82}","{""Object"":""mushroom"",""Species"":""Amanita Muscaria""}"
img_497.jpg,8487,"{}",3,0,"{""name"":""rect"",""x"":70,""y"":82,""width"":58,""height"":94}","{""Object"":""mushroom"",""Species"":""Amanita Muscaria""}"
img_497.jpg,8487,"{}",3,1,"{""name"":""rect"",""x"":132,""y"":51,""width"":102,""height"":128}","{""Object"":""mushroom"",""Species"":""Amanita Muscaria""}"
img_497.jpg,8487,"{}",3,2,"{""name"":""rect"",""x"":136,""y"":104,""width"":38,""height"":57}","{""Object"":""mushroom"",""Species"":""Amanita Muscaria""}"
img_498.jpg,10315,"{}",2,0,"{""name"":""rect"",""x"":12,""y"":74,""width"":81,""height"":86}","{""Object"":""mushroom"",""Species"":""Amanita Muscaria""}"
img_498.jpg,10315,"{}",2,1,"{""name"":""rect"",""x"":117,""y"":12,""width"":133,""height"":165}","{""Object"":""mushroom"",""Species"":""Amanita Muscaria""}"
img_499.jpg,15649,"{}",4,0,"{""name"":""rect"",""x"":42,""y"":113,""width"":51,""height"":60}","{""Object"":""mushroom"",""Species"":""Amanita Muscaria""}"
img_499.jpg,15649,"{}",4,1,"{""name"":""rect"",""x"":15,""y"":42,""width"":76,""height"":65}","{""Object"":""mushroom"",""Species"":""Amanita Muscaria""}"
img_499.jpg,15649,"{}",4,2,"{""name"":""rect"",""x"":118,""y"":25,""width"":130,""height"":76}","{""Object"":""mushroom"",""Species"":""Amanita Muscaria""}"
img_499.jpg,15649,"{}",4,3,"{""name"":""rect"",""x"":157,""y"":99,""width"":53,""height"":77}","{""Object"":""mushroom"",""Species"":""Amanita Muscaria""}"
img_503.jpg,134465,"{}",2,0,"{""name"":""rect"",""x"":263,""y"":133,""width"":312,""height"":272}","{""Object"":""mushroom"",""Species"":""Amanita Muscaria""}"
img_503.jpg,134465,"{}",2,1,"{""name"":""rect"",""x"":616,""y"":144,""width"":205,""height"":138}","{""Object"":""mushroom"",""Species"":""Amanita Muscaria""}"
img_507.jpg,6420,"{}",2,0,"{""name"":""rect"",""x"":56,""y"":41,""width"":99,""height"":124}","{""Object"":""mushroom"",""Species"":""Amanita Muscaria""}"
img_507.jpg,6420,"{}",2,1,"{""name"":""rect"",""x"":129,""y"":18,""width"":111,""height"":68}","{""Object"":""mushroom"",""Species"":""Amanita Muscaria""}"
img_512.jpg,12953,"{}",1,0,"{""name"":""rect"",""x"":99,""y"":40,""width"":128,""height"":113}","{""Object"":""mushroom"",""Species"":""Amanita Muscaria""}"
img_514.jpg,149736,"{}",3,0,"{""name"":""rect"",""x"":223,""y"":182,""width"":119,""height"":187}","{""Object"":""mushroom"",""Species"":""Amanita Muscaria""}"
img_514.jpg,149736,"{}",3,1,"{""name"":""rect"",""x"":198,""y"":70,""width"":265,""height"":304}","{""Object"":""mushroom"",""Species"":""Amanita Muscaria""}"
img_514.jpg,149736,"{}",3,2,"{""name"":""rect"",""x"":474,""y"":224,""width"":144,""height"":231}","{""Object"":""mushroom"",""Species"":""Amanita Muscaria""}"
img_515.jpg,12164,"{}",1,0,"{""name"":""rect"",""x"":124,""y"":46,""width"":107,""height"":116}","{""Object"":""mushroom"",""Species"":""Amanita Muscaria""}"
img_516.jpg,12896,"{}",1,0,"{""name"":""rect"",""x"":105,""y"":31,""width"":79,""height"":103}","{""Object"":""mushroom"",""Species"":""Amanita Muscaria""}"
img_519.jpg,157028,"{}",1,0,"{""name"":""rect"",""x"":284,""y"":111,""width"":248,""height"":381}","{""Object"":""mushroom"",""Species"":""Amanita Muscaria""}"
img_520.jpg,236593,"{}",1,0,"{""name"":""rect"",""x"":116,""y"":78,""width"":408,""height"":463}","{""Object"":""mushroom"",""Species"":""Amanita Muscaria""}"
img_521.jpg,9594,"{}",1,0,"{""name"":""rect"",""x"":58,""y"":47,""width"":173,""height"":108}","{""Object"":""mushroom"",""Species"":""Amanita Muscaria""}"
img_522.jpg,12782,"{}",1,0,"{""name"":""rect"",""x"":5,""y"":21,""width"":185,""height"":231}","{""Object"":""mushroom"",""Species"":""Amanita Muscaria""}"
img_530.jpg,11941,"{}",1,0,"{""name"":""rect"",""x"":89,""y"":25,""width"":104,""height"":144}","{""Object"":""mushroom"",""Species"":""Amanita Muscaria""}"
img_532.jpg,11121,"{}",1,0,"{""name"":""rect"",""x"":17,""y"":18,""width"":221,""height"":164}","{""Object"":""mushroom"",""Species"":""Amanita Muscaria""}"
img_533.jpg,110356,"{}",2,0,"{""name"":""rect"",""x"":56,""y"":33,""width"":322,""height"":320}","{""Object"":""mushroom"",""Species"":""Amanita Muscaria""}"
img_533.jpg,110356,"{}",2,1,"{""name"":""rect"",""x"":249,""y"":149,""width"":276,""height"":228}","{""Object"":""mushroom"",""Species"":""Amanita Muscaria""}"
img_534.jpg,14638,"{}",1,0,"{""name"":""rect"",""x"":143,""y"":88,""width"":39,""height"":48}","{""Object"":""mushroom"",""Species"":""Amanita Muscaria""}"
img_535.jpg,11859,"{}",2,0,"{""name"":""rect"",""x"":26,""y"":19,""width"":160,""height"":140}","{""Object"":""mushroom"",""Species"":""Amanita Muscaria""}"
img_535.jpg,11859,"{}",2,1,"{""name"":""rect"",""x"":167,""y"":100,""width"":65,""height"":61}","{""Object"":""mushroom"",""Species"":""Amanita Muscaria""}"
img_536.jpg,11307,"{}",3,0,"{""name"":""rect"",""x"":189,""y"":50,""width"":39,""height"":71}","{""Object"":""mushroom"",""Species"":""Amanita Muscaria""}"
img_536.jpg,11307,"{}",3,1,"{""name"":""rect"",""x"":25,""y"":22,""width"":90,""height"":141}","{""Object"":""mushroom"",""Species"":""Amanita Muscaria""}"
img_536.jpg,11307,"{}",3,2,"{""name"":""rect"",""x"":112,""y"":8,""width"":72,""height"":162}","{""Object"":""mushroom"",""Species"":""Amanita Muscaria""}"
img_537.jpg,257934,"{}",1,0,"{""name"":""rect"",""x"":5,""y"":4,""width"":794,""height"":466}","{""Object"":""mushroom"",""Species"":""Amanita Muscaria""}"
img_541.jpg,9224,"{}",3,0,"{""name"":""rect"",""x"":98,""y"":62,""width"":89,""height"":94}","{""Object"":""mushroom"",""Species"":""Amanita Muscaria""}"
img_541.jpg,9224,"{}",3,1,"{""name"":""rect"",""x"":172,""y"":99,""width"":90,""height"":63}","{""Object"":""mushroom"",""Species"":""Amanita Muscaria""}"
img_541.jpg,9224,"{}",3,2,"{""name"":""rect"",""x"":58,""y"":2,""width"":232,""height"":66}","{""Object"":""mushroom"",""Species"":""Amanita Muscaria""}"
img_542.jpg,10708,"{}",1,0,"{""name"":""rect"",""x"":84,""y"":16,""width"":173,""height"":129}","{""Object"":""mushroom"",""Species"":""Amanita Muscaria""}"
img_544.jpg,11673,"{}",2,0,"{""name"":""rect"",""x"":183,""y"":79,""width"":85,""height"":81}","{""Object"":""mushroom"",""Species"":""Amanita Muscaria""}"
img_544.jpg,11673,"{}",2,1,"{""name"":""rect"",""x"":11,""y"":9,""width"":191,""height"":146}","{""Object"":""mushroom"",""Species"":""Amanita Muscaria""}"
img_545.jpg,12121,"{}",1,0,"{""name"":""rect"",""x"":119,""y"":31,""width"":123,""height"":113}","{""Object"":""mushroom"",""Species"":""Amanita Muscaria""}"
img_548.jpg,248551,"{}",1,0,"{""name"":""rect"",""x"":151,""y"":70,""width"":444,""height"":450}","{""Object"":""mushroom"",""Species"":""Amanita Muscaria""}"
img_550.jpg,12638,"{}",2,0,"{""name"":""rect"",""x"":37,""y"":21,""width"":171,""height"":140}","{""Object"":""mushroom"",""Species"":""Amanita Muscaria""}"
img_550.jpg,12638,"{}",2,1,"{""name"":""rect"",""x"":145,""y"":84,""width"":79,""height"":83}","{""Object"":""mushroom"",""Species"":""Amanita Muscaria""}"
img_551.jpg,16195,"{}",2,0,"{""name"":""rect"",""x"":16,""y"":16,""width"":121,""height"":164}","{""Object"":""mushroom"",""Species"":""Amanita Muscaria""}"
img_551.jpg,16195,"{}",2,1,"{""name"":""rect"",""x"":123,""y"":42,""width"":109,""height"":134}","{""Object"":""mushroom"",""Species"":""Amanita Muscaria""}"
img_552.jpg,245000,"{}",6,0,"{""name"":""rect"",""x"":106,""y"":356,""width"":159,""height"":190}","{""Object"":""mushroom"",""Species"":""Amanita Muscaria""}"
img_552.jpg,245000,"{}",6,1,"{""name"":""rect"",""x"":248,""y"":276,""width"":151,""height"":214}","{""Object"":""mushroom"",""Species"":""Amanita Muscaria""}"
img_552.jpg,245000,"{}",6,2,"{""name"":""rect"",""x"":382,""y"":301,""width"":116,""height"":166}","{""Object"":""mushroom"",""Species"":""Amanita Muscaria""}"
img_552.jpg,245000,"{}",6,3,"{""name"":""rect"",""x"":42,""y"":84,""width"":359,""height"":197}","{""Object"":""mushroom"",""Species"":""Amanita Muscaria""}"
img_552.jpg,245000,"{}",6,4,"{""name"":""rect"",""x"":508,""y"":192,""width"":241,""height"":313}","{""Object"":""mushroom"",""Species"":""Amanita Muscaria""}"
img_552.jpg,245000,"{}",6,5,"{""name"":""rect"",""x"":311,""y"":29,""width"":311,""height"":168}","{""Object"":""mushroom"",""Species"":""Amanita Muscaria""}"
img_555.jpg,10873,"{}",1,0,"{""name"":""rect"",""x"":98,""y"":52,""width"":84,""height"":84}","{""Object"":""mushroom"",""Species"":""Amanita Muscaria""}"