filename;region_count;region_id;region_shape_attributes;region_attributes
img_2.jpg;4;0;"{""name"":""rect"",""x"":20,""y"":49,""width"":60,""height"":72}";"{""Object"":""mushroom"",""Species"":""Boletus Erythropus""}"
img_2.jpg;4;1;"{""name"":""rect"",""x"":62,""y"":21,""width"":82,""height"":80}";"{""Object"":""mushroom"",""Species"":""Boletus Erythropus""}"
img_2.jpg;4;2;"{""name"":""rect"",""x"":145,""y"":40,""width"":63,""height"":66}";"{""Object"":""mushroom"",""Species"":""Boletus Erythropus""}"
img_2.jpg;4;3;"{""name"":""rect"",""x"":164,""y"":70,""width"":104,""height"":88}";"{""Object"":""mushroom"",""Species"":""Boletus Erythropus""}"
img_3.jpg;1;0;"{""name"":""rect"",""x"":39,""y"":17,""width"":179,""height"":154}";"{""Object"":""mushroom"",""Species"":""Boletus Erythropus""}"
img_5.jpg;4;0;"{""name"":""rect"",""x"":34,""y"":52,""width"":68,""height"":91}";"{""Object"":""mushroom"",""Species"":""Boletus Erythropus""}"
img_5.jpg;4;1;"{""name"":""rect"",""x"":70,""y"":3,""width"":111,""height"":87}";"{""Object"":""mushroom"",""Species"":""Boletus Erythropus""}"
img_5.jpg;4;2;"{""name"":""rect"",""x"":164,""y"":53,""width"":70,""height"":79}";"{""Object"":""mushroom"",""Species"":""Boletus Erythropus""}"
img_5.jpg;4;3;"{""name"":""rect"",""x"":109,""y"":88,""width"":48,""height"":66}";"{""Object"":""mushroom"",""Species"":""Boletus Erythropus""}"
img_9.jpg;1;0;"{""name"":""rect"",""x"":9,""y"":8,""width"":78,""height"":86}";"{""Object"":""mushroom"",""Species"":""Boletus Erythropus""}"
img_10.jpg;4;0;"{""name"":""rect"",""x"":12,""y"":37,""width"":102,""height"":111}";"{""Object"":""mushroom"",""Species"":""Boletus Erythropus""}"
img_10.jpg;4;1;"{""name"":""rect"",""x"":100,""y"":87,""width"":75,""height"":102}";"{""Object"":""mushroom"",""Species"":""Boletus Erythropus""}"
img_10.jpg;4;2;"{""name"":""rect"",""x"":180,""y"":102,""width"":57,""height"":82}";"{""Object"":""mushroom"",""Species"":""Boletus Erythropus""}"
img_10.jpg;4;3;"{""name"":""rect"",""x"":122,""y"":24,""width"":124,""height"":76}";"{""Object"":""mushroom"",""Species"":""Boletus Erythropus""}"
img_11.jpg;1;0;"{""name"":""rect"",""x"":384,""y"":171,""width"":173,""height"":196}";"{""Object"":""mushroom"",""Species"":""Boletus Erythropus""}"
img_12.jpg;1;0;"{""name"":""rect"",""x"":4,""y"":1,""width"":205,""height"":172}";"{""Object"":""mushroom"",""Species"":""Boletus Erythropus""}"
img_13.jpg;3;0;"{""name"":""rect"",""x"":23,""y"":135,""width"":108,""height"":115}";"{""Object"":""mushroom"",""Species"":""Boletus Erythropus""}"
img_13.jpg;3;1;"{""name"":""rect"",""x"":102,""y"":136,""width"":74,""height"":107}";"{""Object"":""mushroom"",""Species"":""Boletus Erythropus""}"
img_13.jpg;3;2;"{""name"":""rect"",""x"":4,""y"":40,""width"":149,""height"":88}";"{""Object"":""mushroom"",""Species"":""Boletus Erythropus""}"
img_14.jpg;2;0;"{""name"":""rect"",""x"":29,""y"":49,""width"":115,""height"":90}";"{""Object"":""mushroom"",""Species"":""Boletus Erythropus""}"
img_14.jpg;2;1;"{""name"":""rect"",""x"":148,""y"":87,""width"":56,""height"":51}";"{""Object"":""mushroom"",""Species"":""Boletus Erythropus""}"
img_15.jpg;1;0;"{""name"":""rect"",""x"":57,""y"":6,""width"":161,""height"":169}";"{""Object"":""mushroom"",""Species"":""Boletus Erythropus""}"
img_16.jpg;1;0;"{""name"":""rect"",""x"":51,""y"":17,""width"":153,""height"":161}";"{""Object"":""mushroom"",""Species"":""Boletus Erythropus""}"
img_17.jpg;1;0;"{""name"":""rect"",""x"":35,""y"":29,""width"":201,""height"":161}";"{""Object"":""mushroom"",""Species"":""Boletus Erythropus""}"
img_18.jpg;1;0;"{""name"":""rect"",""x"":201,""y"":30,""width"":392,""height"":432}";"{""Object"":""mushroom"",""Species"":""Boletus Erythropus""}"
img_19.jpg;2;0;"{""name"":""rect"",""x"":2,""y"":31,""width"":100,""height"":173}";"{""Object"":""mushroom"",""Species"":""Boletus Erythropus""}"
img_19.jpg;2;1;"{""name"":""rect"",""x"":69,""y"":1,""width"":150,""height"":194}";"{""Object"":""mushroom"",""Species"":""Boletus Erythropus""}"
img_21.jpg;3;0;"{""name"":""rect"",""x"":62,""y"":88,""width"":240,""height"":252}";"{""Object"":""mushroom"",""Species"":""Boletus Erythropus""}"
img_21.jpg;3;1;"{""name"":""rect"",""x"":286,""y"":67,""width"":258,""height"":246}";"{""Object"":""mushroom"",""Species"":""Boletus Erythropus""}"
img_21.jpg;3;2;"{""name"":""rect"",""x"":460,""y"":239,""width"":276,""height"":276}";"{""Object"":""mushroom"",""Species"":""Boletus Erythropus""}"
img_22.jpg;1;0;"{""name"":""rect"",""x"":33,""y"":7,""width"":199,""height"":169}";"{""Object"":""mushroom"",""Species"":""Boletus Erythropus""}"
img_23.jpg;3;0;"{""name"":""rect"",""x"":10,""y"":2,""width"":111,""height"":176}";"{""Object"":""mushroom"",""Species"":""Boletus Erythropus""}"
img_23.jpg;3;1;"{""name"":""rect"",""x"":129,""y"":72,""width"":127,""height"":114}";"{""Object"":""mushroom"",""Species"":""Boletus Erythropus""}"
img_23.jpg;3;2;"{""name"":""rect"",""x"":114,""y"":5,""width"":114,""height"":138}";"{""Object"":""mushroom"",""Species"":""Boletus Erythropus""}"
img_24.jpg;2;0;"{""name"":""rect"",""x"":120,""y"":35,""width"":136,""height"":99}";"{""Object"":""mushroom"",""Species"":""Boletus Erythropus""}"
img_24.jpg;2;1;"{""name"":""rect"",""x"":1,""y"":79,""width"":122,""height"":94}";"{""Object"":""mushroom"",""Species"":""Boletus Erythropus""}"
img_25.jpg;1;0;"{""name"":""rect"",""x"":202,""y"":41,""width"":673,""height"":504}";"{""Object"":""mushroom"",""Species"":""Boletus Erythropus""}"
img_26.jpg;4;0;"{""name"":""rect"",""x"":120,""y"":32,""width"":92,""height"":77}";"{""Object"":""mushroom"",""Species"":""Boletus Erythropus""}"
img_26.jpg;4;1;"{""name"":""rect"",""x"":35,""y"":17,""width"":89,""height"":109}";"{""Object"":""mushroom"",""Species"":""Boletus Erythropus""}"
img_26.jpg;4;2;"{""name"":""rect"",""x"":4,""y"":72,""width"":93,""height"":97}";"{""Object"":""mushroom"",""Species"":""Boletus Erythropus""}"
img_26.jpg;4;3;"{""name"":""rect"",""x"":166,""y"":71,""width"":90,""height"":99}";"{""Object"":""mushroom"",""Species"":""Boletus Erythropus""}"
img_28.jpg;1;0;"{""name"":""rect"",""x"":165,""y"":46,""width"":221,""height"":228}";"{""Object"":""mushroom"",""Species"":""Boletus Erythropus""}"
img_29.jpg;1;0;"{""name"":""rect"",""x"":24,""y"":13,""width"":200,""height"":168}";"{""Object"":""mushroom"",""Species"":""Boletus Erythropus""}"
img_30.jpg;1;0;"{""name"":""rect"",""x"":83,""y"":4,""width"":139,""height"":168}";"{""Object"":""mushroom"",""Species"":""Boletus Erythropus""}"
img_31.jpg;2;0;"{""name"":""rect"",""x"":14,""y"":20,""width"":126,""height"":117}";"{""Object"":""mushroom"",""Species"":""Boletus Erythropus""}"
img_31.jpg;2;1;"{""name"":""rect"",""x"":141,""y"":11,""width"":127,""height"":127}";"{""Object"":""mushroom"",""Species"":""Boletus Erythropus""}"
img_36.jpg;2;0;"{""name"":""rect"",""x"":4,""y"":39,""width"":126,""height"":151}";"{""Object"":""mushroom"",""Species"":""Boletus Erythropus""}"
img_36.jpg;2;1;"{""name"":""rect"",""x"":120,""y"":51,""width"":112,""height"":141}";"{""Object"":""mushroom"",""Species"":""Boletus Erythropus""}"
img_37.jpg;3;0;"{""name"":""rect"",""x"":144,""y"":25,""width"":102,""height"":146}";"{""Object"":""mushroom"",""Species"":""Boletus Erythropus""}"
img_37.jpg;3;1;"{""name"":""rect"",""x"":80,""y"":30,""width"":66,""height"":96}";"{""Object"":""mushroom"",""Species"":""Boletus Erythropus""}"
img_37.jpg;3;2;"{""name"":""rect"",""x"":9,""y"":43,""width"":78,""height"":82}";"{""Object"":""mushroom"",""Species"":""Boletus Erythropus""}"
img_38.jpg;1;0;"{""name"":""rect"",""x"":104,""y"":14,""width"":593,""height"":483}";"{""Object"":""mushroom"",""Species"":""Boletus Erythropus""}"
img_39.jpg;1;0;"{""name"":""rect"",""x"":14,""y"":21,""width"":151,""height"":215}";"{""Object"":""mushroom"",""Species"":""Boletus Erythropus""}"
img_40.jpg;1;0;"{""name"":""rect"",""x"":43,""y"":50,""width"":120,""height"":156}";"{""Object"":""mushroom"",""Species"":""Boletus Erythropus""}"
img_41.jpg;1;0;"{""name"":""rect"",""x"":56,""y"":8,""width"":186,""height"":123}";"{""Object"":""mushroom"",""Species"":""Boletus Erythropus""}"
img_42.jpg;3;0;"{""name"":""rect"",""x"":38,""y"":78,""width"":114,""height"":101}";"{""Object"":""mushroom"",""Species"":""Boletus Erythropus""}"
img_42.jpg;3;1;"{""name"":""rect"",""x"":150,""y"":54,""width"":90,""height"":133}";"{""Object"":""mushroom"",""Species"":""Boletus Erythropus""}"
img_42.jpg;3;2;"{""name"":""rect"",""x"":88,""y"":4,""width"":68,""height"":66}";"{""Object"":""mushroom"",""Species"":""Boletus Erythropus""}"
img_43.jpg;3;0;"{""name"":""rect"",""x"":9,""y"":6,""width"":113,""height"":83}";"{""Object"":""mushroom"",""Species"":""Boletus Erythropus""}"
img_43.jpg;3;1;"{""name"":""rect"",""x"":124,""y"":65,""width"":121,""height"":113}";"{""Object"":""mushroom"",""Species"":""Boletus Erythropus""}"
img_43.jpg;3;2;"{""name"":""rect"",""x"":45,""y"":88,""width"":73,""height"":79}";"{""Object"":""mushroom"",""Species"":""Boletus Erythropus""}"
img_44.jpg;1;0;"{""name"":""rect"",""x"":85,""y"":49,""width"":69,""height"":62}";"{""Object"":""mushroom"",""Species"":""Boletus Erythropus""}"
img_45.jpg;1;0;"{""name"":""rect"",""x"":31,""y"":32,""width"":184,""height"":140}";"{""Object"":""mushroom"",""Species"":""Boletus Erythropus""}"
img_46.jpg;1;0;"{""name"":""rect"",""x"":9,""y"":1,""width"":82,""height"":96}";"{""Object"":""mushroom"",""Species"":""Boletus Erythropus""}"
img_48.jpg;1;0;"{""name"":""rect"",""x"":65,""y"":50,""width"":100,""height"":89}";"{""Object"":""mushroom"",""Species"":""Boletus Erythropus""}"
img_50.jpg;2;0;"{""name"":""rect"",""x"":14,""y"":4,""width"":174,""height"":160}";"{""Object"":""mushroom"",""Species"":""Boletus Erythropus""}"
img_50.jpg;2;1;"{""name"":""rect"",""x"":133,""y"":52,""width"":134,""height"":117}";"{""Object"":""mushroom"",""Species"":""Boletus Erythropus""}"
img_52.jpg;2;0;"{""name"":""rect"",""x"":23,""y"":15,""width"":134,""height"":153}";"{""Object"":""mushroom"",""Species"":""Boletus Erythropus""}"
img_52.jpg;2;1;"{""name"":""rect"",""x"":141,""y"":31,""width"":110,""height"":153}";"{""Object"":""mushroom"",""Species"":""Boletus Erythropus""}"
img_55.jpg;2;0;"{""name"":""rect"",""x"":100,""y"":191,""width"":315,""height"":384}";"{""Object"":""mushroom"",""Species"":""Boletus Erythropus""}"
img_55.jpg;2;1;"{""name"":""rect"",""x"":308,""y"":127,""width"":321,""height"":425}";"{""Object"":""mushroom"",""Species"":""Boletus Erythropus""}"
img_56.jpg;1;0;"{""name"":""rect"",""x"":54,""y"":53,""width"":132,""height"":95}";"{""Object"":""mushroom"",""Species"":""Boletus Erythropus""}"
img_57.jpg;1;0;"{""name"":""rect"",""x"":9,""y"":4,""width"":309,""height"":380}";"{""Object"":""mushroom"",""Species"":""Boletus Erythropus""}"
img_59.jpg;2;0;"{""name"":""rect"",""x"":89,""y"":38,""width"":483,""height"":454}";"{""Object"":""mushroom"",""Species"":""Boletus Erythropus""}"
img_59.jpg;2;1;"{""name"":""rect"",""x"":445,""y"":223,""width"":276,""height"":285}";"{""Object"":""mushroom"",""Species"":""Boletus Erythropus""}"
img_60.jpg;1;0;"{""name"":""rect"",""x"":9,""y"":10,""width"":172,""height"":238}";"{""Object"":""mushroom"",""Species"":""Boletus Erythropus""}"
img_61.jpg;1;0;"{""name"":""rect"",""x"":13,""y"":19,""width"":74,""height"":75}";"{""Object"":""mushroom"",""Species"":""Boletus Erythropus""}"
img_62.jpg;1;0;"{""name"":""rect"",""x"":51,""y"":0,""width"":177,""height"":204}";"{""Object"":""mushroom"",""Species"":""Boletus Erythropus""}"
img_63.jpg;5;0;"{""name"":""rect"",""x"":32,""y"":49,""width"":93,""height"":92}";"{""Object"":""mushroom"",""Species"":""Boletus Erythropus""}"
img_63.jpg;5;1;"{""name"":""rect"",""x"":98,""y"":75,""width"":56,""height"":86}";"{""Object"":""mushroom"",""Species"":""Boletus Erythropus""}"
img_63.jpg;5;2;"{""name"":""rect"",""x"":169,""y"":87,""width"":31,""height"":43}";"{""Object"":""mushroom"",""Species"":""Boletus Erythropus""}"
img_63.jpg;5;3;"{""name"":""rect"",""x"":195,""y"":66,""width"":53,""height"":69}";"{""Object"":""mushroom"",""Species"":""Boletus Erythropus""}"
img_63.jpg;5;4;"{""name"":""rect"",""x"":95,""y"":1,""width"":110,""height"":86}";"{""Object"":""mushroom"",""Species"":""Boletus Erythropus""}"
img_64.jpg;1;0;"{""name"":""rect"",""x"":87,""y"":5,""width"":124,""height"":124}";"{""Object"":""mushroom"",""Species"":""Boletus Erythropus""}"
img_65.jpg;4;0;"{""name"":""rect"",""x"":3,""y"":64,""width"":106,""height"":99}";"{""Object"":""mushroom"",""Species"":""Boletus Erythropus""}"
img_65.jpg;4;1;"{""name"":""rect"",""x"":73,""y"":36,""width"":77,""height"":88}";"{""Object"":""mushroom"",""Species"":""Boletus Erythropus""}"
img_65.jpg;4;2;"{""name"":""rect"",""x"":127,""y"":8,""width"":83,""height"":67}";"{""Object"":""mushroom"",""Species"":""Boletus Erythropus""}"
img_65.jpg;4;3;"{""name"":""rect"",""x"":161,""y"":44,""width"":93,""height"":102}";"{""Object"":""mushroom"",""Species"":""Boletus Erythropus""}"
img_67.jpg;1;0;"{""name"":""rect"",""x"":26,""y"":13,""width"":172,""height"":154}";"{""Object"":""mushroom"",""Species"":""Boletus Erythropus""}"
img_68.jpg;1;0;"{""name"":""rect"",""x"":164,""y"":61,""width"":627,""height"":467}";"{""Object"":""mushroom"",""Species"":""Boletus Erythropus""}"
img_69.jpg;1;0;"{""name"":""rect"",""x"":47,""y"":7,""width"":204,""height"":134}";"{""Object"":""mushroom"",""Species"":""Boletus Erythropus""}"
img_70.jpg;1;0;"{""name"":""rect"",""x"":5,""y"":6,""width"":193,""height"":215}";"{""Object"":""mushroom"",""Species"":""Boletus Erythropus""}"
img_72.jpg;1;0;"{""name"":""rect"",""x"":65,""y"":36,""width"":93,""height"":83}";"{""Object"":""mushroom"",""Species"":""Boletus Erythropus""}"
img_73.jpg;1;0;"{""name"":""rect"",""x"":28,""y"":19,""width"":157,""height"":135}";"{""Object"":""mushroom"",""Species"":""Boletus Erythropus""}"
img_74.jpg;2;0;"{""name"":""rect"",""x"":17,""y"":49,""width"":123,""height"":125}";"{""Object"":""mushroom"",""Species"":""Boletus Erythropus""}"
img_74.jpg;2;1;"{""name"":""rect"",""x"":139,""y"":44,""width"":88,""height"":129}";"{""Object"":""mushroom"",""Species"":""Boletus Erythropus""}"
img_75.jpg;1;0;"{""name"":""rect"",""x"":24,""y"":24,""width"":146,""height"":189}";"{""Object"":""mushroom"",""Species"":""Boletus Erythropus""}"
img_76.jpg;4;0;"{""name"":""rect"",""x"":24,""y"":237,""width"":283,""height"":291}";"{""Object"":""mushroom"",""Species"":""Boletus Erythropus""}"
img_76.jpg;4;1;"{""name"":""rect"",""x"":144,""y"":56,""width"":279,""height"":330}";"{""Object"":""mushroom"",""Species"":""Boletus Erythropus""}"
img_76.jpg;4;2;"{""name"":""rect"",""x"":390,""y"":103,""width"":263,""height"":225}";"{""Object"":""mushroom"",""Species"":""Boletus Erythropus""}"
img_76.jpg;4;3;"{""name"":""rect"",""x"":511,""y"":226,""width"":276,""height"":303}";"{""Object"":""mushroom"",""Species"":""Boletus Erythropus""}"
img_78.jpg;6;0;"{""name"":""rect"",""x"":996,""y"":2262,""width"":845,""height"":772}";"{""Object"":""mushroom"",""Species"":""Boletus Erythropus""}"
img_78.jpg;6;1;"{""name"":""rect"",""x"":1252,""y"":1681,""width"":850,""height"":722}";"{""Object"":""mushroom"",""Species"":""Boletus Erythropus""}"
img_78.jpg;6;2;"{""name"":""rect"",""x"":2202,""y"":1828,""width"":873,""height"":1234}";"{""Object"":""mushroom"",""Species"":""Boletus Erythropus""}"
img_78.jpg;6;3;"{""name"":""rect"",""x"":3144,""y"":1819,""width"":909,""height"":1247}";"{""Object"":""mushroom"",""Species"":""Boletus Erythropus""}"
img_78.jpg;6;4;"{""name"":""rect"",""x"":2463,""y"":617,""width"":1444,""height"":1215}";"{""Object"":""mushroom"",""Species"":""Boletus Erythropus""}"
img_78.jpg;6;5;"{""name"":""rect"",""x"":873,""y"":256,""width"":1467,""height"":1407}";"{""Object"":""mushroom"",""Species"":""Boletus Erythropus""}"
img_80.jpg;1;0;"{""name"":""rect"",""x"":6,""y"":6,""width"":217,""height"":188}";"{""Object"":""mushroom"",""Species"":""Boletus Erythropus""}"
img_81.jpg;1;0;"{""name"":""rect"",""x"":45,""y"":71,""width"":587,""height"":506}";"{""Object"":""mushroom"",""Species"":""Boletus Erythropus""}"
img_82.jpg;2;0;"{""name"":""rect"",""x"":27,""y"":41,""width"":438,""height"":482}";"{""Object"":""mushroom"",""Species"":""Boletus Erythropus""}"
img_82.jpg;2;1;"{""name"":""rect"",""x"":533,""y"":219,""width"":226,""height"":243}";"{""Object"":""mushroom"",""Species"":""Boletus Erythropus""}"
img_83.jpg;1;0;"{""name"":""rect"",""x"":254,""y"":14,""width"":457,""height"":527}";"{""Object"":""mushroom"",""Species"":""Boletus Erythropus""}"
img_84.jpg;1;0;"{""name"":""rect"",""x"":65,""y"":27,""width"":144,""height"":131}";"{""Object"":""mushroom"",""Species"":""Boletus Erythropus""}"
img_85.jpg;1;0;"{""name"":""rect"",""x"":61,""y"":28,""width"":114,""height"":84}";"{""Object"":""mushroom"",""Species"":""Boletus Erythropus""}"
img_86.jpg;1;0;"{""name"":""rect"",""x"":22,""y"":10,""width"":143,""height"":242}";"{""Object"":""mushroom"",""Species"":""Boletus Erythropus""}"
img_87.jpg;4;0;"{""name"":""rect"",""x"":65,""y"":58,""width"":68,""height"":96}";"{""Object"":""mushroom"",""Species"":""Boletus Erythropus""}"
img_87.jpg;4;1;"{""name"":""rect"",""x"":172,""y"":98,""width"":25,""height"":39}";"{""Object"":""mushroom"",""Species"":""Boletus Erythropus""}"
img_87.jpg;4;2;"{""name"":""rect"",""x"":119,""y"":48,""width"":47,""height"":97}";"{""Object"":""mushroom"",""Species"":""Boletus Erythropus""}"
img_87.jpg;4;3;"{""name"":""rect"",""x"":41,""y"":62,""width"":49,""height"":86}";"{""Object"":""mushroom"",""Species"":""Boletus Erythropus""}"
img_88.jpg;1;0;"{""name"":""rect"",""x"":30,""y"":27,""width"":105,""height"":139}";"{""Object"":""mushroom"",""Species"":""Boletus Erythropus""}"
img_89.jpg;1;0;"{""name"":""rect"",""x"":204,""y"":54,""width"":549,""height"":423}";"{""Object"":""mushroom"",""Species"":""Boletus Erythropus""}"
img_90.jpg;2;0;"{""name"":""rect"",""x"":74,""y"":62,""width"":71,""height"":92}";"{""Object"":""mushroom"",""Species"":""Boletus Erythropus""}"
img_90.jpg;2;1;"{""name"":""rect"",""x"":107,""y"":21,""width"":87,""height"":119}";"{""Object"":""mushroom"",""Species"":""Boletus Erythropus""}"
img_91.jpg;1;0;"{""name"":""rect"",""x"":26,""y"":22,""width"":156,""height"":162}";"{""Object"":""mushroom"",""Species"":""Boletus Erythropus""}"
img_92.jpg;2;0;"{""name"":""rect"",""x"":155,""y"":85,""width"":97,""height"":97}";"{""Object"":""mushroom"",""Species"":""Boletus Erythropus""}"
img_92.jpg;2;1;"{""name"":""rect"",""x"":4,""y"":5,""width"":182,""height"":161}";"{""Object"":""mushroom"",""Species"":""Boletus Erythropus""}"
img_93.jpg;2;0;"{""name"":""rect"",""x"":604,""y"":119,""width"":421,""height"":608}";"{""Object"":""mushroom"",""Species"":""Boletus Erythropus""}"
img_93.jpg;2;1;"{""name"":""rect"",""x"":111,""y"":81,""width"":525,""height"":598}";"{""Object"":""mushroom"",""Species"":""Boletus Erythropus""}"
img_94.jpg;3;0;"{""name"":""rect"",""x"":38,""y"":76,""width"":106,""height"":95}";"{""Object"":""mushroom"",""Species"":""Boletus Erythropus""}"
img_94.jpg;3;1;"{""name"":""rect"",""x"":90,""y"":8,""width"":96,""height"":63}";"{""Object"":""mushroom"",""Species"":""Boletus Erythropus""}"
img_94.jpg;3;2;"{""name"":""rect"",""x"":142,""y"":65,""width"":100,""height"":103}";"{""Object"":""mushroom"",""Species"":""Boletus Erythropus""}"
img_96.jpg;2;0;"{""name"":""rect"",""x"":49,""y"":16,""width"":98,""height"":147}";"{""Object"":""mushroom"",""Species"":""Boletus Erythropus""}"
img_96.jpg;2;1;"{""name"":""rect"",""x"":132,""y"":24,""width"":87,""height"":115}";"{""Object"":""mushroom"",""Species"":""Boletus Erythropus""}"
img_97.jpg;2;0;"{""name"":""rect"",""x"":6,""y"":74,""width"":118,""height"":162}";"{""Object"":""mushroom"",""Species"":""Boletus Erythropus""}"
img_97.jpg;2;1;"{""name"":""rect"",""x"":74,""y"":27,""width"":95,""height"":88}";"{""Object"":""mushroom"",""Species"":""Boletus Erythropus""}"
img_98.jpg;1;0;"{""name"":""rect"",""x"":179,""y"":100,""width"":305,""height"":353}";"{""Object"":""mushroom"",""Species"":""Boletus Erythropus""}"
img_101.jpg;2;0;"{""name"":""rect"",""x"":10,""y"":51,""width"":124,""height"":124}";"{""Object"":""mushroom"",""Species"":""Boletus Erythropus""}"
img_101.jpg;2;1;"{""name"":""rect"",""x"":108,""y"":9,""width"":160,""height"":154}";"{""Object"":""mushroom"",""Species"":""Boletus Erythropus""}"
img_102.jpg;3;0;"{""name"":""rect"",""x"":144,""y"":59,""width"":92,""height"":62}";"{""Object"":""mushroom"",""Species"":""Boletus Erythropus""}"
img_102.jpg;3;1;"{""name"":""rect"",""x"":43,""y"":45,""width"":57,""height"":70}";"{""Object"":""mushroom"",""Species"":""Boletus Erythropus""}"
img_102.jpg;3;2;"{""name"":""rect"",""x"":2,""y"":59,""width"":55,""height"":56}";"{""Object"":""mushroom"",""Species"":""Boletus Erythropus""}"
img_103.jpg;1;0;"{""name"":""rect"",""x"":133,""y"":2,""width"":660,""height"":527}";"{""Object"":""mushroom"",""Species"":""Boletus Erythropus""}"
img_104.jpg;1;0;"{""name"":""rect"",""x"":36,""y"":63,""width"":130,""height"":133}";"{""Object"":""mushroom"",""Species"":""Boletus Erythropus""}"
img_105.jpg;6;0;"{""name"":""rect"",""x"":23,""y"":117,""width"":71,""height"":56}";"{""Object"":""mushroom"",""Species"":""Boletus Erythropus""}"
img_105.jpg;6;1;"{""name"":""rect"",""x"":36,""y"":43,""width"":68,""height"":60}";"{""Object"":""mushroom"",""Species"":""Boletus Erythropus""}"
img_105.jpg;6;2;"{""name"":""rect"",""x"":181,""y"":52,""width"":84,""height"":65}";"{""Object"":""mushroom"",""Species"":""Boletus Erythropus""}"
img_105.jpg;6;3;"{""name"":""rect"",""x"":155,""y"":111,""width"":71,""height"":52}";"{""Object"":""mushroom"",""Species"":""Boletus Erythropus""}"
img_105.jpg;6;4;"{""name"":""rect"",""x"":89,""y"":86,""width"":73,""height"":81}";"{""Object"":""mushroom"",""Species"":""Boletus Erythropus""}"
img_105.jpg;6;5;"{""name"":""rect"",""x"":79,""y"":9,""width"":133,""height"":71}";"{""Object"":""mushroom"",""Species"":""Boletus Erythropus""}"
img_107.jpg;2;0;"{""name"":""rect"",""x"":21,""y"":20,""width"":133,""height"":105}";"{""Object"":""mushroom"",""Species"":""Boletus Erythropus""}"
img_107.jpg;2;1;"{""name"":""rect"",""x"":165,""y"":27,""width"":102,""height"":97}";"{""Object"":""mushroom"",""Species"":""Boletus Erythropus""}"
img_108.jpg;3;0;"{""name"":""rect"",""x"":168,""y"":205,""width"":146,""height"":260}";"{""Object"":""mushroom"",""Species"":""Boletus Erythropus""}"
img_108.jpg;3;1;"{""name"":""rect"",""x"":261,""y"":263,""width"":166,""height"":211}";"{""Object"":""mushroom"",""Species"":""Boletus Erythropus""}"
img_108.jpg;3;2;"{""name"":""rect"",""x"":456,""y"":301,""width"":204,""height"":267}";"{""Object"":""mushroom"",""Species"":""Boletus Erythropus""}"
img_109.jpg;1;0;"{""name"":""rect"",""x"":41,""y"":11,""width"":188,""height"":148}";"{""Object"":""mushroom"",""Species"":""Boletus Erythropus""}"
img_111.jpg;1;0;"{""name"":""rect"",""x"":5,""y"":3,""width"":199,""height"":217}";"{""Object"":""mushroom"",""Species"":""Boletus Erythropus""}"
img_112.jpg;3;0;"{""name"":""rect"",""x"":148,""y"":88,""width"":92,""height"":94}";"{""Object"":""mushroom"",""Species"":""Boletus Erythropus""}"
img_112.jpg;3;1;"{""name"":""rect"",""x"":84,""y"":15,""width"":126,""height"":158}";"{""Object"":""mushroom"",""Species"":""Boletus Erythropus""}"
img_112.jpg;3;2;"{""name"":""rect"",""x"":5,""y"":39,""width"":97,""height"":96}";"{""Object"":""mushroom"",""Species"":""Boletus Erythropus""}"
img_115.jpg;3;0;"{""name"":""rect"",""x"":23,""y"":58,""width"":329,""height"":386}";"{""Object"":""mushroom"",""Species"":""Boletus Erythropus""}"
img_115.jpg;3;1;"{""name"":""rect"",""x"":264,""y"":7,""width"":436,""height"":477}";"{""Object"":""mushroom"",""Species"":""Boletus Erythropus""}"
img_115.jpg;3;2;"{""name"":""rect"",""x"":535,""y"":266,""width"":270,""height"":276}";"{""Object"":""mushroom"",""Species"":""Boletus Erythropus""}"
img_116.jpg;2;0;"{""name"":""rect"",""x"":10,""y"":19,""width"":114,""height"":99}";"{""Object"":""mushroom"",""Species"":""Boletus Erythropus""}"
img_116.jpg;2;1;"{""name"":""rect"",""x"":80,""y"":53,""width"":113,""height"":119}";"{""Object"":""mushroom"",""Species"":""Boletus Erythropus""}"
img_117.jpg;7;0;"{""name"":""rect"",""x"":109,""y"":108,""width"":61,""height"":51}";"{""Object"":""mushroom"",""Species"":""Boletus Erythropus""}"
img_117.jpg;7;1;"{""name"":""rect"",""x"":205,""y"":126,""width"":34,""height"":34}";"{""Object"":""mushroom"",""Species"":""Boletus Erythropus""}"
img_117.jpg;7;2;"{""name"":""rect"",""x"":137,""y"":55,""width"":35,""height"":36}";"{""Object"":""mushroom"",""Species"":""Boletus Erythropus""}"
img_117.jpg;7;3;"{""name"":""rect"",""x"":75,""y"":16,""width"":50,""height"":38}";"{""Object"":""mushroom"",""Species"":""Boletus Erythropus""}"
img_117.jpg;7;4;"{""name"":""rect"",""x"":21,""y"":26,""width"":34,""height"":28}";"{""Object"":""mushroom"",""Species"":""Boletus Erythropus""}"
img_117.jpg;7;5;"{""name"":""rect"",""x"":9,""y"":77,""width"":51,""height"":36}";"{""Object"":""mushroom"",""Species"":""Boletus Erythropus""}"
img_117.jpg;7;6;"{""name"":""rect"",""x"":158,""y"":3,""width"":41,""height"":25}";"{""Object"":""mushroom"",""Species"":""Boletus Erythropus""}"
img_118.jpg;1;0;"{""name"":""rect"",""x"":96,""y"":151,""width"":970,""height"":1456}";"{""Object"":""mushroom"",""Species"":""Boletus Erythropus""}"
img_120.jpg;1;0;"{""name"":""rect"",""x"":52,""y"":11,""width"":165,""height"":157}";"{""Object"":""mushroom"",""Species"":""Boletus Erythropus""}"
img_121.jpg;1;0;"{""name"":""rect"",""x"":343,""y"":68,""width"":447,""height"":548}";"{""Object"":""mushroom"",""Species"":""Boletus Erythropus""}"
img_122.jpg;1;0;"{""name"":""rect"",""x"":25,""y"":19,""width"":157,""height"":163}";"{""Object"":""mushroom"",""Species"":""Boletus Erythropus""}"
img_123.jpg;6;0;"{""name"":""rect"",""x"":120,""y"":129,""width"":52,""height"":48}";"{""Object"":""mushroom"",""Species"":""Boletus Erythropus""}"
img_123.jpg;6;1;"{""name"":""rect"",""x"":75,""y"":59,""width"":48,""height"":45}";"{""Object"":""mushroom"",""Species"":""Boletus Erythropus""}"
img_123.jpg;6;2;"{""name"":""rect"",""x"":125,""y"":55,""width"":49,""height"":64}";"{""Object"":""mushroom"",""Species"":""Boletus Erythropus""}"
img_123.jpg;6;3;"{""name"":""rect"",""x"":183,""y"":29,""width"":60,""height"":89}";"{""Object"":""mushroom"",""Species"":""Boletus Erythropus""}"
img_123.jpg;6;4;"{""name"":""rect"",""x"":115,""y"":16,""width"":45,""height"":37}";"{""Object"":""mushroom"",""Species"":""Boletus Erythropus""}"
img_123.jpg;6;5;"{""name"":""rect"",""x"":11,""y"":59,""width"":42,""height"":46}";"{""Object"":""mushroom"",""Species"":""Boletus Erythropus""}"
img_125.jpg;1;0;"{""name"":""rect"",""x"":47,""y"":28,""width"":157,""height"":159}";"{""Object"":""mushroom"",""Species"":""Boletus Erythropus""}"
img_126.jpg;1;0;"{""name"":""rect"",""x"":202,""y"":59,""width"":352,""height"":447}";"{""Object"":""mushroom"",""Species"":""Boletus Erythropus""}"
img_127.jpg;3;0;"{""name"":""rect"",""x"":90,""y"":36,""width"":64,""height"":83}";"{""Object"":""mushroom"",""Species"":""Boletus Erythropus""}"
img_127.jpg;3;1;"{""name"":""rect"",""x"":6,""y"":80,""width"":100,""height"":58}";"{""Object"":""mushroom"",""Species"":""Boletus Erythropus""}"
img_127.jpg;3;2;"{""name"":""rect"",""x"":126,""y"":103,""width"":98,""height"":64}";"{""Object"":""mushroom"",""Species"":""Boletus Erythropus""}"
img_128.jpg;1;0;"{""name"":""rect"",""x"":20,""y"":12,""width"":223,""height"":160}";"{""Object"":""mushroom"",""Species"":""Boletus Erythropus""}"
img_129.jpg;1;0;"{""name"":""rect"",""x"":86,""y"":65,""width"":81,""height"":81}";"{""Object"":""mushroom"",""Species"":""Boletus Erythropus""}"
img_131.jpg;2;0;"{""name"":""rect"",""x"":41,""y"":60,""width"":85,""height"":90}";"{""Object"":""mushroom"",""Species"":""Boletus Erythropus""}"
img_131.jpg;2;1;"{""name"":""rect"",""x"":125,""y"":52,""width"":83,""height"":96}";"{""Object"":""mushroom"",""Species"":""Boletus Erythropus""}"
img_133.jpg;2;0;"{""name"":""rect"",""x"":18,""y"":10,""width"":174,""height"":165}";"{""Object"":""mushroom"",""Species"":""Boletus Erythropus""}"
img_133.jpg;2;1;"{""name"":""rect"",""x"":163,""y"":38,""width"":94,""height"":139}";"{""Object"":""mushroom"",""Species"":""Boletus Erythropus""}"
img_134.jpg;1;0;"{""name"":""rect"",""x"":73,""y"":29,""width"":140,""height"":117}";"{""Object"":""mushroom"",""Species"":""Boletus Erythropus""}"
img_136.jpg;1;0;"{""name"":""rect"",""x"":10,""y"":23,""width"":225,""height"":146}";"{""Object"":""mushroom"",""Species"":""Boletus Erythropus""}"
img_137.jpg;2;0;"{""name"":""rect"",""x"":8,""y"":58,""width"":120,""height"":111}";"{""Object"":""mushroom"",""Species"":""Boletus Erythropus""}"
img_137.jpg;2;1;"{""name"":""rect"",""x"":112,""y"":11,""width"":150,""height"":134}";"{""Object"":""mushroom"",""Species"":""Boletus Erythropus""}"
img_139.jpg;2;0;"{""name"":""rect"",""x"":45,""y"":65,""width"":82,""height"":81}";"{""Object"":""mushroom"",""Species"":""Boletus Erythropus""}"
img_139.jpg;2;1;"{""name"":""rect"",""x"":58,""y"":5,""width"":128,""height"":169}";"{""Object"":""mushroom"",""Species"":""Boletus Erythropus""}"
img_141.jpg;3;0;"{""name"":""rect"",""x"":3,""y"":40,""width"":55,""height"":55}";"{""Object"":""mushroom"",""Species"":""Boletus Erythropus""}"
img_141.jpg;3;1;"{""name"":""rect"",""x"":57,""y"":30,""width"":41,""height"":62}";"{""Object"":""mushroom"",""Species"":""Boletus Erythropus""}"
img_141.jpg;3;2;"{""name"":""rect"",""x"":25,""y"":4,""width"":55,""height"":31}";"{""Object"":""mushroom"",""Species"":""Boletus Erythropus""}"
img_142.jpg;2;0;"{""name"":""rect"",""x"":6,""y"":40,""width"":99,""height"":154}";"{""Object"":""mushroom"",""Species"":""Boletus Erythropus""}"
img_142.jpg;2;1;"{""name"":""rect"",""x"":107,""y"":17,""width"":129,""height"":166}";"{""Object"":""mushroom"",""Species"":""Boletus Erythropus""}"
img_143.jpg;2;0;"{""name"":""rect"",""x"":84,""y"":30,""width"":88,""height"":122}";"{""Object"":""mushroom"",""Species"":""Boletus Erythropus""}"
img_143.jpg;2;1;"{""name"":""rect"",""x"":29,""y"":55,""width"":75,""height"":93}";"{""Object"":""mushroom"",""Species"":""Boletus Erythropus""}"
img_144.jpg;2;0;"{""name"":""rect"",""x"":24,""y"":62,""width"":76,""height"":84}";"{""Object"":""mushroom"",""Species"":""Boletus Erythropus""}"
img_144.jpg;2;1;"{""name"":""rect"",""x"":103,""y"":64,""width"":62,""height"":90}";"{""Object"":""mushroom"",""Species"":""Boletus Erythropus""}"
img_145.jpg;1;0;"{""name"":""rect"",""x"":24,""y"":29,""width"":175,""height"":143}";"{""Object"":""mushroom"",""Species"":""Boletus Erythropus""}"
img_146.jpg;3;0;"{""name"":""rect"",""x"":123,""y"":84,""width"":60,""height"":60}";"{""Object"":""mushroom"",""Species"":""Boletus Erythropus""}"
img_146.jpg;3;1;"{""name"":""rect"",""x"":172,""y"":80,""width"":62,""height"":71}";"{""Object"":""mushroom"",""Species"":""Boletus Erythropus""}"
img_146.jpg;3;2;"{""name"":""rect"",""x"":90,""y"":39,""width"":158,""height"":40}";"{""Object"":""mushroom"",""Species"":""Boletus Erythropus""}"
img_147.jpg;2;0;"{""name"":""rect"",""x"":48,""y"":12,""width"":105,""height"":105}";"{""Object"":""mushroom"",""Species"":""Boletus Erythropus""}"
img_147.jpg;2;1;"{""name"":""rect"",""x"":156,""y"":72,""width"":86,""height"":90}";"{""Object"":""mushroom"",""Species"":""Boletus Erythropus""}"
img_148.jpg;1;0;"{""name"":""rect"",""x"":43,""y"":42,""width"":156,""height"":107}";"{""Object"":""mushroom"",""Species"":""Boletus Erythropus""}"
img_149.jpg;1;0;"{""name"":""rect"",""x"":271,""y"":62,""width"":344,""height"":327}";"{""Object"":""mushroom"",""Species"":""Boletus Erythropus""}"
img_151.jpg;1;0;"{""name"":""rect"",""x"":250,""y"":108,""width"":309,""height"":246}";"{""Object"":""mushroom"",""Species"":""Boletus Erythropus""}"
img_152.jpg;1;0;"{""name"":""rect"",""x"":46,""y"":6,""width"":142,""height"":153}";"{""Object"":""mushroom"",""Species"":""Boletus Erythropus""}"
img_153.jpg;2;0;"{""name"":""rect"",""x"":31,""y"":57,""width"":441,""height"":413}";"{""Object"":""mushroom"",""Species"":""Boletus Erythropus""}"
img_153.jpg;2;1;"{""name"":""rect"",""x"":490,""y"":213,""width"":244,""height"":262}";"{""Object"":""mushroom"",""Species"":""Boletus Erythropus""}"
img_154.jpg;1;0;"{""name"":""rect"",""x"":15,""y"":23,""width"":119,""height"":115}";"{""Object"":""mushroom"",""Species"":""Boletus Erythropus""}"
img_156.jpg;1;0;"{""name"":""rect"",""x"":116,""y"":41,""width"":122,""height"":104}";"{""Object"":""mushroom"",""Species"":""Boletus Erythropus""}"
img_157.jpg;5;0;"{""name"":""rect"",""x"":98,""y"":17,""width"":89,""height"":115}";"{""Object"":""mushroom"",""Species"":""Boletus Erythropus""}"
img_157.jpg;5;1;"{""name"":""rect"",""x"":153,""y"":80,""width"":93,""height"":91}";"{""Object"":""mushroom"",""Species"":""Boletus Erythropus""}"
img_157.jpg;5;2;"{""name"":""rect"",""x"":43,""y"":46,""width"":71,""height"":52}";"{""Object"":""mushroom"",""Species"":""Boletus Erythropus""}"
img_157.jpg;5;3;"{""name"":""rect"",""x"":68,""y"":106,""width"":57,""height"":72}";"{""Object"":""mushroom"",""Species"":""Boletus Erythropus""}"
img_157.jpg;5;4;"{""name"":""rect"",""x"":7,""y"":80,""width"":78,""height"":79}";"{""Object"":""mushroom"",""Species"":""Boletus Erythropus""}"
img_159.jpg;1;0;"{""name"":""rect"",""x"":87,""y"":25,""width"":127,""height"":136}";"{""Object"":""mushroom"",""Species"":""Boletus Erythropus""}"
img_160.jpg;1;0;"{""name"":""rect"",""x"":81,""y"":22,""width"":169,""height"":148}";"{""Object"":""mushroom"",""Species"":""Boletus Erythropus""}"
img_161.jpg;1;0;"{""name"":""rect"",""x"":1,""y"":85,""width"":152,""height"":169}";"{""Object"":""mushroom"",""Species"":""Boletus Erythropus""}"
img_163.jpg;1;0;"{""name"":""rect"",""x"":74,""y"":9,""width"":126,""height"":157}";"{""Object"":""mushroom"",""Species"":""Boletus Erythropus""}"
img_164.jpg;7;0;"{""name"":""rect"",""x"":44,""y"":440,""width"":254,""height"":218}";"{""Object"":""mushroom"",""Species"":""Boletus Erythropus""}"
img_164.jpg;7;1;"{""name"":""rect"",""x"":15,""y"":263,""width"":307,""height"":177}";"{""Object"":""mushroom"",""Species"":""Boletus Erythropus""}"
img_164.jpg;7;2;"{""name"":""rect"",""x"":318,""y"":312,""width"":272,""height"":242}";"{""Object"":""mushroom"",""Species"":""Boletus Erythropus""}"
img_164.jpg;7;3;"{""name"":""rect"",""x"":115,""y"":123,""width"":337,""height"":176}";"{""Object"":""mushroom"",""Species"":""Boletus Erythropus""}"
img_164.jpg;7;4;"{""name"":""rect"",""x"":404,""y"":25,""width"":313,""height"":322}";"{""Object"":""mushroom"",""Species"":""Boletus Erythropus""}"
img_164.jpg;7;5;"{""name"":""rect"",""x"":574,""y"":105,""width"":396,""height"":384}";"{""Object"":""mushroom"",""Species"":""Boletus Erythropus""}"
img_164.jpg;7;6;"{""name"":""rect"",""x"":563,""y"":353,""width"":450,""height"":274}";"{""Object"":""mushroom"",""Species"":""Boletus Erythropus""}"
img_165.jpg;3;0;"{""name"":""rect"",""x"":19,""y"":52,""width"":99,""height"":88}";"{""Object"":""mushroom"",""Species"":""Boletus Erythropus""}"
img_165.jpg;3;1;"{""name"":""rect"",""x"":111,""y"":21,""width"":66,""height"":79}";"{""Object"":""mushroom"",""Species"":""Boletus Erythropus""}"
img_165.jpg;3;2;"{""name"":""rect"",""x"":176,""y"":46,""width"":61,""height"":90}";"{""Object"":""mushroom"",""Species"":""Boletus Erythropus""}"
img_166.jpg;2;0;"{""name"":""rect"",""x"":85,""y"":70,""width"":52,""height"":83}";"{""Object"":""mushroom"",""Species"":""Boletus Erythropus""}"
img_166.jpg;2;1;"{""name"":""rect"",""x"":132,""y"":81,""width"":70,""height"":77}";"{""Object"":""mushroom"",""Species"":""Boletus Erythropus""}"
img_168.jpg;5;0;"{""name"":""rect"",""x"":47,""y"":87,""width"":79,""height"":73}";"{""Object"":""mushroom"",""Species"":""Boletus Erythropus""}"
img_168.jpg;5;1;"{""name"":""rect"",""x"":180,""y"":77,""width"":81,""height"":98}";"{""Object"":""mushroom"",""Species"":""Boletus Erythropus""}"
img_168.jpg;5;2;"{""name"":""rect"",""x"":10,""y"":9,""width"":107,""height"":71}";"{""Object"":""mushroom"",""Species"":""Boletus Erythropus""}"
img_168.jpg;5;3;"{""name"":""rect"",""x"":172,""y"":15,""width"":68,""height"":58}";"{""Object"":""mushroom"",""Species"":""Boletus Erythropus""}"
img_168.jpg;5;4;"{""name"":""rect"",""x"":96,""y"":54,""width"":100,""height"":98}";"{""Object"":""mushroom"",""Species"":""Boletus Erythropus""}"
img_169.jpg;1;0;"{""name"":""rect"",""x"":8,""y"":5,""width"":194,""height"":230}";"{""Object"":""mushroom"",""Species"":""Boletus Erythropus""}"
img_170.jpg;1;0;"{""name"":""rect"",""x"":51,""y"":52,""width"":135,""height"":129}";"{""Object"":""mushroom"",""Species"":""Boletus Erythropus""}"
img_171.jpg;3;0;"{""name"":""rect"",""x"":3,""y"":33,""width"":93,""height"":100}";"{""Object"":""mushroom"",""Species"":""Boletus Erythropus""}"
img_171.jpg;3;1;"{""name"":""rect"",""x"":182,""y"":17,""width"":110,""height"":133}";"{""Object"":""mushroom"",""Species"":""Boletus Erythropus""}"
img_171.jpg;3;2;"{""name"":""rect"",""x"":72,""y"":17,""width"":83,""height"":91}";"{""Object"":""mushroom"",""Species"":""Boletus Erythropus""}"
img_172.jpg;3;0;"{""name"":""rect"",""x"":7,""y"":20,""width"":99,""height"":103}";"{""Object"":""mushroom"",""Species"":""Boletus Erythropus""}"
img_172.jpg;3;1;"{""name"":""rect"",""x"":139,""y"":64,""width"":102,""height"":94}";"{""Object"":""mushroom"",""Species"":""Boletus Erythropus""}"
img_172.jpg;3;2;"{""name"":""rect"",""x"":103,""y"":11,""width"":95,""height"":102}";"{""Object"":""mushroom"",""Species"":""Boletus Erythropus""}"
img_173.jpg;1;0;"{""name"":""rect"",""x"":56,""y"":45,""width"":161,""height"":117}";"{""Object"":""mushroom"",""Species"":""Boletus Erythropus""}"
img_174.jpg;1;0;"{""name"":""rect"",""x"":30,""y"":10,""width"":65,""height"":66}";"{""Object"":""mushroom"",""Species"":""Boletus Erythropus""}"
img_175.jpg;2;0;"{""name"":""rect"",""x"":68,""y"":3,""width"":189,""height"":174}";"{""Object"":""mushroom"",""Species"":""Boletus Erythropus""}"
img_175.jpg;2;1;"{""name"":""rect"",""x"":2,""y"":93,""width"":72,""height"":79}";"{""Object"":""mushroom"",""Species"":""Boletus Erythropus""}"
img_176.jpg;5;0;"{""name"":""rect"",""x"":59,""y"":18,""width"":93,""height"":82}";"{""Object"":""mushroom"",""Species"":""Boletus Erythropus""}"
img_176.jpg;5;1;"{""name"":""rect"",""x"":152,""y"":23,""width"":98,""height"":75}";"{""Object"":""mushroom"",""Species"":""Boletus Erythropus""}"
img_176.jpg;5;2;"{""name"":""rect"",""x"":30,""y"":83,""width"":83,""height"":87}";"{""Object"":""mushroom"",""Species"":""Boletus Erythropus""}"
img_176.jpg;5;3;"{""name"":""rect"",""x"":116,""y"":106,""width"":69,""height"":62}";"{""Object"":""mushroom"",""Species"":""Boletus Erythropus""}"
img_176.jpg;5;4;"{""name"":""rect"",""x"":10,""y"":57,""width"":63,""height"":65}";"{""Object"":""mushroom"",""Species"":""Boletus Erythropus""}"
img_177.jpg;1;0;"{""name"":""rect"",""x"":5,""y"":47,""width"":169,""height"":164}";"{""Object"":""mushroom"",""Species"":""Boletus Erythropus""}"
img_178.jpg;1;0;"{""name"":""rect"",""x"":97,""y"":7,""width"":136,""height"":162}";"{""Object"":""mushroom"",""Species"":""Boletus Erythropus""}"
img_179.jpg;1;0;"{""name"":""rect"",""x"":7,""y"":3,""width"":253,""height"":155}";"{""Object"":""mushroom"",""Species"":""Boletus Erythropus""}"
img_180.jpg;2;0;"{""name"":""rect"",""x"":44,""y"":6,""width"":54,""height"":82}";"{""Object"":""mushroom"",""Species"":""Boletus Erythropus""}"
img_180.jpg;2;1;"{""name"":""rect"",""x"":2,""y"":6,""width"":41,""height"":77}";"{""Object"":""mushroom"",""Species"":""Boletus Erythropus""}"
img_181.jpg;1;0;"{""name"":""rect"",""x"":74,""y"":33,""width"":145,""height"":117}";"{""Object"":""mushroom"",""Species"":""Boletus Erythropus""}"
img_182.jpg;1;0;"{""name"":""rect"",""x"":42,""y"":1,""width"":190,""height"":165}";"{""Object"":""mushroom"",""Species"":""Boletus Erythropus""}"
img_184.jpg;3;0;"{""name"":""rect"",""x"":6,""y"":23,""width"":99,""height"":101}";"{""Object"":""mushroom"",""Species"":""Boletus Erythropus""}"
img_184.jpg;3;1;"{""name"":""rect"",""x"":165,""y"":52,""width"":104,""height"":116}";"{""Object"":""mushroom"",""Species"":""Boletus Erythropus""}"
img_184.jpg;3;2;"{""name"":""rect"",""x"":103,""y"":71,""width"":55,""height"":59}";"{""Object"":""mushroom"",""Species"":""Boletus Erythropus""}"
img_185.jpg;2;0;"{""name"":""rect"",""x"":6,""y"":30,""width"":106,""height"":169}";"{""Object"":""mushroom"",""Species"":""Boletus Erythropus""}"
img_185.jpg;2;1;"{""name"":""rect"",""x"":90,""y"":13,""width"":136,""height"":195}";"{""Object"":""mushroom"",""Species"":""Boletus Erythropus""}"
img_186.jpg;1;0;"{""name"":""rect"",""x"":27,""y"":9,""width"":154,""height"":189}";"{""Object"":""mushroom"",""Species"":""Boletus Erythropus""}"
img_187.jpg;3;0;"{""name"":""rect"",""x"":10,""y"":88,""width"":344,""height"":319}";"{""Object"":""mushroom"",""Species"":""Boletus Erythropus""}"
img_187.jpg;3;1;"{""name"":""rect"",""x"":357,""y"":235,""width"":205,""height"":271}";"{""Object"":""mushroom"",""Species"":""Boletus Erythropus""}"
img_187.jpg;3;2;"{""name"":""rect"",""x"":545,""y"":53,""width"":387,""height"":460}";"{""Object"":""mushroom"",""Species"":""Boletus Erythropus""}"
img_188.jpg;2;0;"{""name"":""rect"",""x"":24,""y"":1,""width"":210,""height"":82}";"{""Object"":""mushroom"",""Species"":""Boletus Erythropus""}"
img_188.jpg;2;1;"{""name"":""rect"",""x"":155,""y"":57,""width"":121,""height"":84}";"{""Object"":""mushroom"",""Species"":""Boletus Erythropus""}"
img_190.jpg;1;0;"{""name"":""rect"",""x"":51,""y"":16,""width"":218,""height"":163}";"{""Object"":""mushroom"",""Species"":""Boletus Erythropus""}"
img_191.jpg;1;0;"{""name"":""rect"",""x"":28,""y"":5,""width"":218,""height"":175}";"{""Object"":""mushroom"",""Species"":""Boletus Erythropus""}"
img_192.jpg;1;0;"{""name"":""rect"",""x"":21,""y"":11,""width"":172,""height"":164}";"{""Object"":""mushroom"",""Species"":""Boletus Erythropus""}"
img_193.jpg;3;0;"{""name"":""rect"",""x"":43,""y"":85,""width"":58,""height"":65}";"{""Object"":""mushroom"",""Species"":""Boletus Erythropus""}"
img_193.jpg;3;1;"{""name"":""rect"",""x"":59,""y"":6,""width"":111,""height"":134}";"{""Object"":""mushroom"",""Species"":""Boletus Erythropus""}"
img_193.jpg;3;2;"{""name"":""rect"",""x"":129,""y"":74,""width"":86,""height"":112}";"{""Object"":""mushroom"",""Species"":""Boletus Erythropus""}"
img_194.jpg;4;0;"{""name"":""rect"",""x"":2,""y"":58,""width"":99,""height"":123}";"{""Object"":""mushroom"",""Species"":""Boletus Erythropus""}"
img_194.jpg;4;1;"{""name"":""rect"",""x"":103,""y"":35,""width"":113,""height"":89}";"{""Object"":""mushroom"",""Species"":""Boletus Erythropus""}"
img_194.jpg;4;2;"{""name"":""rect"",""x"":192,""y"":54,""width"":51,""height"":71}";"{""Object"":""mushroom"",""Species"":""Boletus Erythropus""}"
img_194.jpg;4;3;"{""name"":""rect"",""x"":213,""y"":119,""width"":38,""height"":34}";"{""Object"":""mushroom"",""Species"":""Boletus Erythropus""}"
img_195.jpg;1;0;"{""name"":""rect"",""x"":69,""y"":13,""width"":144,""height"":163}";"{""Object"":""mushroom"",""Species"":""Boletus Erythropus""}"
img_196.jpg;4;0;"{""name"":""rect"",""x"":32,""y"":96,""width"":47,""height"":67}";"{""Object"":""mushroom"",""Species"":""Boletus Erythropus""}"
img_196.jpg;4;1;"{""name"":""rect"",""x"":50,""y"":15,""width"":60,""height"":88}";"{""Object"":""mushroom"",""Species"":""Boletus Erythropus""}"
img_196.jpg;4;2;"{""name"":""rect"",""x"":120,""y"":57,""width"":59,""height"":105}";"{""Object"":""mushroom"",""Species"":""Boletus Erythropus""}"
img_196.jpg;4;3;"{""name"":""rect"",""x"":177,""y"":116,""width"":43,""height"":59}";"{""Object"":""mushroom"",""Species"":""Boletus Erythropus""}"
img_197.jpg;2;0;"{""name"":""rect"",""x"":153,""y"":121,""width"":344,""height"":302}";"{""Object"":""mushroom"",""Species"":""Boletus Erythropus""}"
img_197.jpg;2;1;"{""name"":""rect"",""x"":484,""y"":192,""width"":204,""height"":278}";"{""Object"":""mushroom"",""Species"":""Boletus Erythropus""}"
img_198.jpg;1;0;"{""name"":""rect"",""x"":33,""y"":14,""width"":160,""height"":157}";"{""Object"":""mushroom"",""Species"":""Boletus Erythropus""}"
img_202.jpg;1;0;"{""name"":""rect"",""x"":63,""y"":34,""width"":125,""height"":180}";"{""Object"":""mushroom"",""Species"":""Boletus Erythropus""}"
img_203.jpg;3;0;"{""name"":""rect"",""x"":12,""y"":85,""width"":253,""height"":250}";"{""Object"":""mushroom"",""Species"":""Boletus Erythropus""}"
img_203.jpg;3;1;"{""name"":""rect"",""x"":377,""y"":217,""width"":222,""height"":226}";"{""Object"":""mushroom"",""Species"":""Boletus Erythropus""}"
img_203.jpg;3;2;"{""name"":""rect"",""x"":228,""y"":16,""width"":294,""height"":302}";"{""Object"":""mushroom"",""Species"":""Boletus Erythropus""}"
img_204.jpg;3;0;"{""name"":""rect"",""x"":8,""y"":32,""width"":144,""height"":94}";"{""Object"":""mushroom"",""Species"":""Boletus Erythropus""}"
img_204.jpg;3;1;"{""name"":""rect"",""x"":159,""y"":35,""width"":71,""height"":85}";"{""Object"":""mushroom"",""Species"":""Boletus Erythropus""}"
img_204.jpg;3;2;"{""name"":""rect"",""x"":220,""y"":13,""width"":68,""height"":87}";"{""Object"":""mushroom"",""Species"":""Boletus Erythropus""}"
img_205.jpg;1;0;"{""name"":""rect"",""x"":40,""y"":43,""width"":170,""height"":134}";"{""Object"":""mushroom"",""Species"":""Boletus Erythropus""}"
img_206.jpg;1;0;"{""name"":""rect"",""x"":54,""y"":3,""width"":195,""height"":166}";"{""Object"":""mushroom"",""Species"":""Boletus Erythropus""}"
img_207.jpg;3;0;"{""name"":""rect"",""x"":10,""y"":54,""width"":99,""height"":96}";"{""Object"":""mushroom"",""Species"":""Boletus Erythropus""}"
img_207.jpg;3;1;"{""name"":""rect"",""x"":109,""y"":71,""width"":68,""height"":91}";"{""Object"":""mushroom"",""Species"":""Boletus Erythropus""}"
img_207.jpg;3;2;"{""name"":""rect"",""x"":155,""y"":47,""width"":95,""height"":115}";"{""Object"":""mushroom"",""Species"":""Boletus Erythropus""}"
img_208.jpg;3;0;"{""name"":""rect"",""x"":7,""y"":12,""width"":110,""height"":128}";"{""Object"":""mushroom"",""Species"":""Boletus Erythropus""}"
img_208.jpg;3;1;"{""name"":""rect"",""x"":186,""y"":91,""width"":73,""height"":81}";"{""Object"":""mushroom"",""Species"":""Boletus Erythropus""}"
img_208.jpg;3;2;"{""name"":""rect"",""x"":85,""y"":6,""width"":148,""height"":142}";"{""Object"":""mushroom"",""Species"":""Boletus Erythropus""}"
img_209.jpg;1;0;"{""name"":""rect"",""x"":22,""y"":20,""width"":59,""height"":63}";"{""Object"":""mushroom"",""Species"":""Boletus Erythropus""}"
img_210.jpg;1;0;"{""name"":""rect"",""x"":35,""y"":50,""width"":182,""height"":101}";"{""Object"":""mushroom"",""Species"":""Boletus Erythropus""}"
img_211.jpg;3;0;"{""name"":""rect"",""x"":390,""y"":201,""width"":377,""height"":454}";"{""Object"":""mushroom"",""Species"":""Boletus Erythropus""}"
img_211.jpg;3;1;"{""name"":""rect"",""x"":712,""y"":442,""width"":208,""height"":249}";"{""Object"":""mushroom"",""Species"":""Boletus Erythropus""}"
img_211.jpg;3;2;"{""name"":""rect"",""x"":787,""y"":168,""width"":366,""height"":447}";"{""Object"":""mushroom"",""Species"":""Boletus Erythropus""}"
img_212.jpg;3;0;"{""name"":""rect"",""x"":78,""y"":37,""width"":91,""height"":108}";"{""Object"":""mushroom"",""Species"":""Boletus Erythropus""}"
img_212.jpg;3;1;"{""name"":""rect"",""x"":173,""y"":34,""width"":84,""height"":109}";"{""Object"":""mushroom"",""Species"":""Boletus Erythropus""}"
img_212.jpg;3;2;"{""name"":""rect"",""x"":164,""y"":92,""width"":44,""height"":65}";"{""Object"":""mushroom"",""Species"":""Boletus Erythropus""}"
img_213.jpg;1;0;"{""name"":""rect"",""x"":26,""y"":17,""width"":171,""height"":182}";"{""Object"":""mushroom"",""Species"":""Boletus Erythropus""}"
img_214.jpg;3;0;"{""name"":""rect"",""x"":21,""y"":22,""width"":119,""height"":134}";"{""Object"":""mushroom"",""Species"":""Boletus Erythropus""}"
img_214.jpg;3;1;"{""name"":""rect"",""x"":140,""y"":14,""width"":73,""height"":79}";"{""Object"":""mushroom"",""Species"":""Boletus Erythropus""}"
img_214.jpg;3;2;"{""name"":""rect"",""x"":155,""y"":79,""width"":90,""height"":99}";"{""Object"":""mushroom"",""Species"":""Boletus Erythropus""}"
img_215.jpg;1;0;"{""name"":""rect"",""x"":54,""y"":49,""width"":125,""height"":129}";"{""Object"":""mushroom"",""Species"":""Boletus Erythropus""}"
img_216.jpg;1;0;"{""name"":""rect"",""x"":48,""y"":11,""width"":200,""height"":155}";"{""Object"":""mushroom"",""Species"":""Boletus Erythropus""}"
img_217.jpg;3;0;"{""name"":""rect"",""x"":6,""y"":4,""width"":130,""height"":117}";"{""Object"":""mushroom"",""Species"":""Boletus Erythropus""}"
img_217.jpg;3;1;"{""name"":""rect"",""x"":138,""y"":29,""width"":81,""height"":117}";"{""Object"":""mushroom"",""Species"":""Boletus Erythropus""}"
img_217.jpg;3;2;"{""name"":""rect"",""x"":7,""y"":151,""width"":65,""height"":60}";"{""Object"":""mushroom"",""Species"":""Boletus Erythropus""}"
img_218.jpg;1;0;"{""name"":""rect"",""x"":51,""y"":52,""width"":135,""height"":149}";"{""Object"":""mushroom"",""Species"":""Boletus Erythropus""}"
img_219.jpg;2;0;"{""name"":""rect"",""x"":28,""y"":31,""width"":123,""height"":125}";"{""Object"":""mushroom"",""Species"":""Boletus Erythropus""}"
img_219.jpg;2;1;"{""name"":""rect"",""x"":134,""y"":24,""width"":105,""height"":121}";"{""Object"":""mushroom"",""Species"":""Boletus Erythropus""}"
img_220.jpg;1;0;"{""name"":""rect"",""x"":94,""y"":36,""width"":129,""height"":130}";"{""Object"":""mushroom"",""Species"":""Boletus Erythropus""}"
img_221.jpg;1;0;"{""name"":""rect"",""x"":34,""y"":28,""width"":183,""height"":146}";"{""Object"":""mushroom"",""Species"":""Boletus Erythropus""}"
img_222.jpg;2;0;"{""name"":""rect"",""x"":13,""y"":19,""width"":113,""height"":138}";"{""Object"":""mushroom"",""Species"":""Boletus Erythropus""}"
img_222.jpg;2;1;"{""name"":""rect"",""x"":117,""y"":38,""width"":134,""height"":128}";"{""Object"":""mushroom"",""Species"":""Boletus Erythropus""}"
img_223.jpg;1;0;"{""name"":""rect"",""x"":68,""y"":43,""width"":125,""height"":101}";"{""Object"":""mushroom"",""Species"":""Boletus Erythropus""}"
img_224.jpg;1;0;"{""name"":""rect"",""x"":58,""y"":6,""width"":146,""height"":161}";"{""Object"":""mushroom"",""Species"":""Boletus Erythropus""}"
img_225.jpg;3;0;"{""name"":""rect"",""x"":12,""y"":20,""width"":132,""height"":124}";"{""Object"":""mushroom"",""Species"":""Boletus Erythropus""}"
img_225.jpg;3;1;"{""name"":""rect"",""x"":106,""y"":114,""width"":88,""height"":73}";"{""Object"":""mushroom"",""Species"":""Boletus Erythropus""}"
img_225.jpg;3;2;"{""name"":""rect"",""x"":126,""y"":4,""width"":134,""height"":159}";"{""Object"":""mushroom"",""Species"":""Boletus Erythropus""}"
img_226.jpg;1;0;"{""name"":""rect"",""x"":33,""y"":23,""width"":272,""height"":321}";"{""Object"":""mushroom"",""Species"":""Boletus Erythropus""}"
img_227.jpg;2;0;"{""name"":""rect"",""x"":6,""y"":15,""width"":131,""height"":173}";"{""Object"":""mushroom"",""Species"":""Boletus Erythropus""}"
img_227.jpg;2;1;"{""name"":""rect"",""x"":126,""y"":14,""width"":128,""height"":169}";"{""Object"":""mushroom"",""Species"":""Boletus Erythropus""}"
img_228.jpg;1;0;"{""name"":""rect"",""x"":41,""y"":13,""width"":188,""height"":128}";"{""Object"":""mushroom"",""Species"":""Boletus Erythropus""}"
img_229.jpg;2;0;"{""name"":""rect"",""x"":31,""y"":6,""width"":95,""height"":161}";"{""Object"":""mushroom"",""Species"":""Boletus Erythropus""}"
img_229.jpg;2;1;"{""name"":""rect"",""x"":121,""y"":16,""width"":99,""height"":156}";"{""Object"":""mushroom"",""Species"":""Boletus Erythropus""}"
img_230.jpg;1;0;"{""name"":""rect"",""x"":166,""y"":33,""width"":320,""height"":342}";"{""Object"":""mushroom"",""Species"":""Boletus Erythropus""}"
img_231.jpg;3;0;"{""name"":""rect"",""x"":9,""y"":57,""width"":105,""height"":82}";"{""Object"":""mushroom"",""Species"":""Boletus Erythropus""}"
img_231.jpg;3;1;"{""name"":""rect"",""x"":98,""y"":55,""width"":81,""height"":106}";"{""Object"":""mushroom"",""Species"":""Boletus Erythropus""}"
img_231.jpg;3;2;"{""name"":""rect"",""x"":158,""y"":46,""width"":94,""height"":113}";"{""Object"":""mushroom"",""Species"":""Boletus Erythropus""}"
img_236.jpg;2;0;"{""name"":""rect"",""x"":112,""y"":60,""width"":85,""height"":89}";"{""Object"":""mushroom"",""Species"":""Boletus Erythropus""}"
img_236.jpg;2;1;"{""name"":""rect"",""x"":86,""y"":50,""width"":61,""height"":62}";"{""Object"":""mushroom"",""Species"":""Boletus Erythropus""}"
img_237.jpg;1;0;"{""name"":""rect"",""x"":16,""y"":34,""width"":163,""height"":205}";"{""Object"":""mushroom"",""Species"":""Boletus Erythropus""}"
img_238.jpg;2;0;"{""name"":""rect"",""x"":14,""y"":101,""width"":120,""height"":119}";"{""Object"":""mushroom"",""Species"":""Boletus Erythropus""}"
img_238.jpg;2;1;"{""name"":""rect"",""x"":46,""y"":5,""width"":162,""height"":204}";"{""Object"":""mushroom"",""Species"":""Boletus Erythropus""}"
img_239.jpg;1;0;"{""name"":""rect"",""x"":134,""y"":153,""width"":483,""height"":349}";"{""Object"":""mushroom"",""Species"":""Boletus Erythropus""}"
img_241.jpg;2;0;"{""name"":""rect"",""x"":77,""y"":137,""width"":698,""height"":798}";"{""Object"":""mushroom"",""Species"":""Boletus Erythropus""}"
img_241.jpg;2;1;"{""name"":""rect"",""x"":825,""y"":34,""width"":742,""height"":899}";"{""Object"":""mushroom"",""Species"":""Boletus Erythropus""}"
img_243.jpg;1;0;"{""name"":""rect"",""x"":99,""y"":24,""width"":131,""height"":138}";"{""Object"":""mushroom"",""Species"":""Boletus Erythropus""}"
img_244.jpg;1;0;"{""name"":""rect"",""x"":21,""y"":70,""width"":143,""height"":183}";"{""Object"":""mushroom"",""Species"":""Boletus Erythropus""}"
img_245.jpg;2;0;"{""name"":""rect"",""x"":48,""y"":81,""width"":1412,""height"":1198}";"{""Object"":""mushroom"",""Species"":""Boletus Erythropus""}"
img_245.jpg;2;1;"{""name"":""rect"",""x"":1198,""y"":705,""width"":785,""height"":720}";"{""Object"":""mushroom"",""Species"":""Boletus Erythropus""}"
img_246.jpg;2;0;"{""name"":""rect"",""x"":10,""y"":33,""width"":149,""height"":134}";"{""Object"":""mushroom"",""Species"":""Boletus Erythropus""}"
img_246.jpg;2;1;"{""name"":""rect"",""x"":98,""y"":2,""width"":129,""height"":124}";"{""Object"":""mushroom"",""Species"":""Boletus Erythropus""}"
img_248.jpg;2;0;"{""name"":""rect"",""x"":5,""y"":79,""width"":88,""height"":103}";"{""Object"":""mushroom"",""Species"":""Boletus Erythropus""}"
img_248.jpg;2;1;"{""name"":""rect"",""x"":96,""y"":83,""width"":116,""height"":116}";"{""Object"":""mushroom"",""Species"":""Boletus Erythropus""}"
img_249.jpg;2;0;"{""name"":""rect"",""x"":7,""y"":22,""width"":167,""height"":137}";"{""Object"":""mushroom"",""Species"":""Boletus Erythropus""}"
img_249.jpg;2;1;"{""name"":""rect"",""x"":156,""y"":21,""width"":92,""height"":127}";"{""Object"":""mushroom"",""Species"":""Boletus Erythropus""}"
img_251.jpg;1;0;"{""name"":""rect"",""x"":24,""y"":94,""width"":142,""height"":129}";"{""Object"":""mushroom"",""Species"":""Boletus Erythropus""}"
img_253.jpg;1;0;"{""name"":""rect"",""x"":69,""y"":42,""width"":169,""height"":124}";"{""Object"":""mushroom"",""Species"":""Boletus Erythropus""}"
img_257.jpg;1;0;"{""name"":""rect"",""x"":58,""y"":10,""width"":155,""height"":156}";"{""Object"":""mushroom"",""Species"":""Boletus Erythropus""}"
img_258.jpg;4;0;"{""name"":""rect"",""x"":8,""y"":85,""width"":69,""height"":74}";"{""Object"":""mushroom"",""Species"":""Boletus Erythropus""}"
img_258.jpg;4;1;"{""name"":""rect"",""x"":96,""y"":58,""width"":102,""height"":98}";"{""Object"":""mushroom"",""Species"":""Boletus Erythropus""}"
img_258.jpg;4;2;"{""name"":""rect"",""x"":145,""y"":5,""width"":102,""height"":95}";"{""Object"":""mushroom"",""Species"":""Boletus Erythropus""}"
img_258.jpg;4;3;"{""name"":""rect"",""x"":55,""y"":73,""width"":43,""height"":69}";"{""Object"":""mushroom"",""Species"":""Boletus Erythropus""}"
img_259.jpg;1;0;"{""name"":""rect"",""x"":8,""y"":43,""width"":231,""height"":137}";"{""Object"":""mushroom"",""Species"":""Boletus Erythropus""}"
img_263.jpg;4;0;"{""name"":""rect"",""x"":2,""y"":44,""width"":108,""height"":101}";"{""Object"":""mushroom"",""Species"":""Boletus Erythropus""}"
img_263.jpg;4;1;"{""name"":""rect"",""x"":39,""y"":106,""width"":118,""height"":93}";"{""Object"":""mushroom"",""Species"":""Boletus Erythropus""}"
img_263.jpg;4;2;"{""name"":""rect"",""x"":108,""y"":7,""width"":122,""height"":110}";"{""Object"":""mushroom"",""Species"":""Boletus Erythropus""}"
img_263.jpg;4;3;"{""name"":""rect"",""x"":149,""y"":66,""width"":95,""height"":90}";"{""Object"":""mushroom"",""Species"":""Boletus Erythropus""}"
img_264.jpg;1;0;"{""name"":""rect"",""x"":31,""y"":34,""width"":151,""height"":140}";"{""Object"":""mushroom"",""Species"":""Boletus Erythropus""}"
img_265.jpg;1;0;"{""name"":""rect"",""x"":7,""y"":12,""width"":165,""height"":233}";"{""Object"":""mushroom"",""Species"":""Boletus Erythropus""}"
img_267.jpg;4;0;"{""name"":""rect"",""x"":16,""y"":89,""width"":55,""height"":67}";"{""Object"":""mushroom"",""Species"":""Boletus Erythropus""}"
img_267.jpg;4;1;"{""name"":""rect"",""x"":49,""y"":59,""width"":47,""height"":53}";"{""Object"":""mushroom"",""Species"":""Boletus Erythropus""}"
img_267.jpg;4;2;"{""name"":""rect"",""x"":95,""y"":47,""width"":50,""height"":60}";"{""Object"":""mushroom"",""Species"":""Boletus Erythropus""}"
img_267.jpg;4;3;"{""name"":""rect"",""x"":143,""y"":26,""width"":97,""height"":108}";"{""Object"":""mushroom"",""Species"":""Boletus Erythropus""}"
img_269.jpg;1;0;"{""name"":""rect"",""x"":56,""y"":11,""width"":141,""height"":183}";"{""Object"":""mushroom"",""Species"":""Boletus Erythropus""}"
img_272.jpg;5;0;"{""name"":""rect"",""x"":23,""y"":88,""width"":245,""height"":274}";"{""Object"":""mushroom"",""Species"":""Boletus Erythropus""}"
img_272.jpg;5;1;"{""name"":""rect"",""x"":231,""y"":109,""width"":209,""height"":207}";"{""Object"":""mushroom"",""Species"":""Boletus Erythropus""}"
img_272.jpg;5;2;"{""name"":""rect"",""x"":242,""y"":310,""width"":195,""height"":232}";"{""Object"":""mushroom"",""Species"":""Boletus Erythropus""}"
img_272.jpg;5;3;"{""name"":""rect"",""x"":455,""y"":127,""width"":126,""height"":223}";"{""Object"":""mushroom"",""Species"":""Boletus Erythropus""}"
img_272.jpg;5;4;"{""name"":""rect"",""x"":574,""y"":86,""width"":202,""height"":230}";"{""Object"":""mushroom"",""Species"":""Boletus Erythropus""}"
img_273.jpg;1;0;"{""name"":""rect"",""x"":69,""y"":21,""width"":136,""height"":152}";"{""Object"":""mushroom"",""Species"":""Boletus Erythropus""}"
img_274.jpg;2;0;"{""name"":""rect"",""x"":93,""y"":15,""width"":378,""height"":471}";"{""Object"":""mushroom"",""Species"":""Boletus Erythropus""}"
img_274.jpg;2;1;"{""name"":""rect"",""x"":453,""y"":90,""width"":340,""height"":417}";"{""Object"":""mushroom"",""Species"":""Boletus Erythropus""}"
img_276.jpg;2;0;"{""name"":""rect"",""x"":62,""y"":7,""width"":128,""height"":112}";"{""Object"":""mushroom"",""Species"":""Boletus Erythropus""}"
img_276.jpg;2;1;"{""name"":""rect"",""x"":155,""y"":50,""width"":93,""height"":102}";"{""Object"":""mushroom"",""Species"":""Boletus Erythropus""}"
img_278.jpg;2;0;"{""name"":""rect"",""x"":33,""y"":21,""width"":168,""height"":129}";"{""Object"":""mushroom"",""Species"":""Boletus Erythropus""}"
img_278.jpg;2;1;"{""name"":""rect"",""x"":172,""y"":67,""width"":72,""height"":73}";"{""Object"":""mushroom"",""Species"":""Boletus Erythropus""}"
img_279.jpg;1;0;"{""name"":""rect"",""x"":64,""y"":7,""width"":155,""height"":146}";"{""Object"":""mushroom"",""Species"":""Boletus Erythropus""}"
img_280.jpg;1;0;"{""name"":""rect"",""x"":24,""y"":12,""width"":168,""height"":142}";"{""Object"":""mushroom"",""Species"":""Boletus Erythropus""}"
img_281.jpg;4;0;"{""name"":""rect"",""x"":4,""y"":20,""width"":90,""height"":101}";"{""Object"":""mushroom"",""Species"":""Boletus Erythropus""}"
img_281.jpg;4;1;"{""name"":""rect"",""x"":43,""y"":115,""width"":126,""height"":68}";"{""Object"":""mushroom"",""Species"":""Boletus Erythropus""}"
img_281.jpg;4;2;"{""name"":""rect"",""x"":83,""y"":7,""width"":88,""height"":118}";"{""Object"":""mushroom"",""Species"":""Boletus Erythropus""}"
img_281.jpg;4;3;"{""name"":""rect"",""x"":158,""y"":7,""width"":86,""height"":126}";"{""Object"":""mushroom"",""Species"":""Boletus Erythropus""}"
img_282.jpg;3;0;"{""name"":""rect"",""x"":14,""y"":42,""width"":85,""height"":118}";"{""Object"":""mushroom"",""Species"":""Boletus Erythropus""}"
img_282.jpg;3;1;"{""name"":""rect"",""x"":87,""y"":61,""width"":83,""height"":105}";"{""Object"":""mushroom"",""Species"":""Boletus Erythropus""}"
img_282.jpg;3;2;"{""name"":""rect"",""x"":158,""y"":66,""width"":102,""height"":106}";"{""Object"":""mushroom"",""Species"":""Boletus Erythropus""}"
img_283.jpg;2;0;"{""name"":""rect"",""x"":3,""y"":15,""width"":162,""height"":137}";"{""Object"":""mushroom"",""Species"":""Boletus Erythropus""}"
img_283.jpg;2;1;"{""name"":""rect"",""x"":135,""y"":66,""width"":129,""height"":101}";"{""Object"":""mushroom"",""Species"":""Boletus Erythropus""}"
img_285.jpg;1;0;"{""name"":""rect"",""x"":28,""y"":27,""width"":166,""height"":188}";"{""Object"":""mushroom"",""Species"":""Boletus Erythropus""}"
img_286.jpg;1;0;"{""name"":""rect"",""x"":13,""y"":45,""width"":130,""height"":114}";"{""Object"":""mushroom"",""Species"":""Boletus Erythropus""}"
img_288.jpg;3;0;"{""name"":""rect"",""x"":19,""y"":38,""width"":368,""height"":244}";"{""Object"":""mushroom"",""Species"":""Boletus Erythropus""}"
img_288.jpg;3;1;"{""name"":""rect"",""x"":148,""y"":273,""width"":226,""height"":232}";"{""Object"":""mushroom"",""Species"":""Boletus Erythropus""}"
img_288.jpg;3;2;"{""name"":""rect"",""x"":361,""y"":223,""width"":359,""height"":326}";"{""Object"":""mushroom"",""Species"":""Boletus Erythropus""}"
img_291.jpg;1;0;"{""name"":""rect"",""x"":20,""y"":22,""width"":55,""height"":58}";"{""Object"":""mushroom"",""Species"":""Boletus Erythropus""}"
img_292.jpg;1;0;"{""name"":""rect"",""x"":181,""y"":22,""width"":99,""height"":122}";"{""Object"":""mushroom"",""Species"":""Boletus Erythropus""}"
img_293.jpg;1;0;"{""name"":""rect"",""x"":71,""y"":72,""width"":107,""height"":77}";"{""Object"":""mushroom"",""Species"":""Boletus Erythropus""}"
img_295.jpg;2;0;"{""name"":""rect"",""x"":50,""y"":95,""width"":424,""height"":447}";"{""Object"":""mushroom"",""Species"":""Boletus Erythropus""}"
img_295.jpg;2;1;"{""name"":""rect"",""x"":407,""y"":160,""width"":354,""height"":399}";"{""Object"":""mushroom"",""Species"":""Boletus Erythropus""}"
img_296.jpg;2;0;"{""name"":""rect"",""x"":8,""y"":6,""width"":124,""height"":144}";"{""Object"":""mushroom"",""Species"":""Boletus Erythropus""}"
img_296.jpg;2;1;"{""name"":""rect"",""x"":124,""y"":26,""width"":82,""height"":142}";"{""Object"":""mushroom"",""Species"":""Boletus Erythropus""}"
img_297.jpg;1;0;"{""name"":""rect"",""x"":33,""y"":8,""width"":188,""height"":171}";"{""Object"":""mushroom"",""Species"":""Boletus Erythropus""}"
img_298.jpg;4;0;"{""name"":""rect"",""x"":23,""y"":32,""width"":78,""height"":131}";"{""Object"":""mushroom"",""Species"":""Boletus Erythropus""}"
img_298.jpg;4;1;"{""name"":""rect"",""x"":79,""y"":38,""width"":78,""height"":116}";"{""Object"":""mushroom"",""Species"":""Boletus Erythropus""}"
img_298.jpg;4;2;"{""name"":""rect"",""x"":135,""y"":1,""width"":93,""height"":90}";"{""Object"":""mushroom"",""Species"":""Boletus Erythropus""}"
img_298.jpg;4;3;"{""name"":""rect"",""x"":180,""y"":70,""width"":80,""height"":108}";"{""Object"":""mushroom"",""Species"":""Boletus Erythropus""}"
img_299.jpg;2;0;"{""name"":""rect"",""x"":7,""y"":40,""width"":127,""height"":133}";"{""Object"":""mushroom"",""Species"":""Boletus Erythropus""}"
img_299.jpg;2;1;"{""name"":""rect"",""x"":105,""y"":9,""width"":145,""height"":161}";"{""Object"":""mushroom"",""Species"":""Boletus Erythropus""}"
img_300.jpg;2;0;"{""name"":""rect"",""x"":10,""y"":41,""width"":108,""height"":120}";"{""Object"":""mushroom"",""Species"":""Boletus Erythropus""}"
img_300.jpg;2;1;"{""name"":""rect"",""x"":110,""y"":6,""width"":116,""height"":196}";"{""Object"":""mushroom"",""Species"":""Boletus Erythropus""}"
img_301.jpg;2;0;"{""name"":""rect"",""x"":12,""y"":27,""width"":153,""height"":128}";"{""Object"":""mushroom"",""Species"":""Boletus Erythropus""}"
img_301.jpg;2;1;"{""name"":""rect"",""x"":123,""y"":5,""width"":131,""height"":142}";"{""Object"":""mushroom"",""Species"":""Boletus Erythropus""}"
img_304.jpg;3;0;"{""name"":""rect"",""x"":18,""y"":41,""width"":104,""height"":76}";"{""Object"":""mushroom"",""Species"":""Boletus Erythropus""}"
img_304.jpg;3;1;"{""name"":""rect"",""x"":16,""y"":106,""width"":67,""height"":64}";"{""Object"":""mushroom"",""Species"":""Boletus Erythropus""}"
img_304.jpg;3;2;"{""name"":""rect"",""x"":118,""y"":87,""width"":87,""height"":80}";"{""Object"":""mushroom"",""Species"":""Boletus Erythropus""}"
img_305.jpg;2;0;"{""name"":""rect"",""x"":27,""y"":69,""width"":97,""height"":85}";"{""Object"":""mushroom"",""Species"":""Boletus Erythropus""}"
img_305.jpg;2;1;"{""name"":""rect"",""x"":151,""y"":64,""width"":70,""height"":76}";"{""Object"":""mushroom"",""Species"":""Boletus Erythropus""}"
img_307.jpg;5;0;"{""name"":""rect"",""x"":14,""y"":71,""width"":264,""height"":197}";"{""Object"":""mushroom"",""Species"":""Boletus Erythropus""}"
img_307.jpg;5;1;"{""name"":""rect"",""x"":291,""y"":172,""width"":185,""height"":226}";"{""Object"":""mushroom"",""Species"":""Boletus Erythropus""}"
img_307.jpg;5;2;"{""name"":""rect"",""x"":516,""y"":152,""width"":276,""height"":363}";"{""Object"":""mushroom"",""Species"":""Boletus Erythropus""}"
img_307.jpg;5;3;"{""name"":""rect"",""x"":323,""y"":393,""width"":129,""height"":157}";"{""Object"":""mushroom"",""Species"":""Boletus Erythropus""}"
img_307.jpg;5;4;"{""name"":""rect"",""x"":94,""y"":271,""width"":215,""height"":266}";"{""Object"":""mushroom"",""Species"":""Boletus Erythropus""}"
img_311.jpg;2;0;"{""name"":""rect"",""x"":4,""y"":37,""width"":121,""height"":131}";"{""Object"":""mushroom"",""Species"":""Boletus Erythropus""}"
img_311.jpg;2;1;"{""name"":""rect"",""x"":123,""y"":11,""width"":140,""height"":146}";"{""Object"":""mushroom"",""Species"":""Boletus Erythropus""}"
img_312.jpg;3;0;"{""name"":""rect"",""x"":5,""y"":58,""width"":117,""height"":120}";"{""Object"":""mushroom"",""Species"":""Boletus Erythropus""}"
img_312.jpg;3;1;"{""name"":""rect"",""x"":90,""y"":10,""width"":89,""height"":99}";"{""Object"":""mushroom"",""Species"":""Boletus Erythropus""}"
img_312.jpg;3;2;"{""name"":""rect"",""x"":132,""y"":28,""width"":120,""height"":136}";"{""Object"":""mushroom"",""Species"":""Boletus Erythropus""}"
img_313.jpg;2;0;"{""name"":""rect"",""x"":12,""y"":28,""width"":130,""height"":134}";"{""Object"":""mushroom"",""Species"":""Boletus Erythropus""}"
img_313.jpg;2;1;"{""name"":""rect"",""x"":125,""y"":49,""width"":106,""height"":125}";"{""Object"":""mushroom"",""Species"":""Boletus Erythropus""}"
img_316.jpg;1;0;"{""name"":""rect"",""x"":109,""y"":130,""width"":285,""height"":419}";"{""Object"":""mushroom"",""Species"":""Boletus Erythropus""}"
img_317.jpg;4;0;"{""name"":""rect"",""x"":19,""y"":20,""width"":116,""height"":130}";"{""Object"":""mushroom"",""Species"":""Boletus Erythropus""}"
img_317.jpg;4;1;"{""name"":""rect"",""x"":202,""y"":66,""width"":66,""height"":70}";"{""Object"":""mushroom"",""Species"":""Boletus Erythropus""}"
img_317.jpg;4;2;"{""name"":""rect"",""x"":138,""y"":39,""width"":73,""height"":69}";"{""Object"":""mushroom"",""Species"":""Boletus Erythropus""}"
img_317.jpg;4;3;"{""name"":""rect"",""x"":111,""y"":7,""width"":61,""height"":58}";"{""Object"":""mushroom"",""Species"":""Boletus Erythropus""}"
img_318.jpg;1;0;"{""name"":""rect"",""x"":251,""y"":58,""width"":467,""height"":419}";"{""Object"":""mushroom"",""Species"":""Boletus Erythropus""}"
img_319.jpg;5;0;"{""name"":""rect"",""x"":151,""y"":35,""width"":68,""height"":56}";"{""Object"":""mushroom"",""Species"":""Boletus Erythropus""}"
img_319.jpg;5;1;"{""name"":""rect"",""x"":10,""y"":67,""width"":67,""height"":79}";"{""Object"":""mushroom"",""Species"":""Boletus Erythropus""}"
img_319.jpg;5;2;"{""name"":""rect"",""x"":74,""y"":49,""width"":89,""height"":91}";"{""Object"":""mushroom"",""Species"":""Boletus Erythropus""}"
img_319.jpg;5;3;"{""name"":""rect"",""x"":209,""y"":87,""width"":58,""height"":59}";"{""Object"":""mushroom"",""Species"":""Boletus Erythropus""}"
img_319.jpg;5;4;"{""name"":""rect"",""x"":163,""y"":88,""width"":49,""height"":61}";"{""Object"":""mushroom"",""Species"":""Boletus Erythropus""}"
img_320.jpg;3;0;"{""name"":""rect"",""x"":65,""y"":44,""width"":71,""height"":89}";"{""Object"":""mushroom"",""Species"":""Boletus Erythropus""}"
img_320.jpg;3;1;"{""name"":""rect"",""x"":101,""y"":26,""width"":73,""height"":96}";"{""Object"":""mushroom"",""Species"":""Boletus Erythropus""}"
img_320.jpg;3;2;"{""name"":""rect"",""x"":159,""y"":46,""width"":67,""height"":84}";"{""Object"":""mushroom"",""Species"":""Boletus Erythropus""}"
img_323.jpg;2;0;"{""name"":""rect"",""x"":13,""y"":14,""width"":138,""height"":149}";"{""Object"":""mushroom"",""Species"":""Boletus Erythropus""}"
img_323.jpg;2;1;"{""name"":""rect"",""x"":144,""y"":24,""width"":100,""height"":148}";"{""Object"":""mushroom"",""Species"":""Boletus Erythropus""}"
img_324.jpg;1;0;"{""name"":""rect"",""x"":125,""y"":35,""width"":111,""height"":115}";"{""Object"":""mushroom"",""Species"":""Boletus Erythropus""}"
img_326.jpg;1;0;"{""name"":""rect"",""x"":22,""y"":11,""width"":188,""height"":165}";"{""Object"":""mushroom"",""Species"":""Boletus Erythropus""}"
img_327.jpg;1;0;"{""name"":""rect"",""x"":38,""y"":55,""width"":177,""height"":111}";"{""Object"":""mushroom"",""Species"":""Boletus Erythropus""}"
img_328.jpg;2;0;"{""name"":""rect"",""x"":8,""y"":22,""width"":130,""height"":141}";"{""Object"":""mushroom"",""Species"":""Boletus Erythropus""}"
img_328.jpg;2;1;"{""name"":""rect"",""x"":142,""y"":7,""width"":124,""height"":149}";"{""Object"":""mushroom"",""Species"":""Boletus Erythropus""}"
img_329.jpg;1;0;"{""name"":""rect"",""x"":75,""y"":62,""width"":102,""height"":90}";"{""Object"":""mushroom"",""Species"":""Boletus Erythropus""}"
img_330.jpg;1;0;"{""name"":""rect"",""x"":151,""y"":78,""width"":538,""height"":505}";"{""Object"":""mushroom"",""Species"":""Boletus Erythropus""}"
img_331.jpg;1;0;"{""name"":""rect"",""x"":77,""y"":63,""width"":108,""height"":89}";"{""Object"":""mushroom"",""Species"":""Boletus Erythropus""}"
img_332.jpg;4;0;"{""name"":""rect"",""x"":11,""y"":65,""width"":90,""height"":85}";"{""Object"":""mushroom"",""Species"":""Boletus Erythropus""}"
img_332.jpg;4;1;"{""name"":""rect"",""x"":186,""y"":58,""width"":82,""height"":101}";"{""Object"":""mushroom"",""Species"":""Boletus Erythropus""}"
img_332.jpg;4;2;"{""name"":""rect"",""x"":62,""y"":18,""width"":127,""height"":122}";"{""Object"":""mushroom"",""Species"":""Boletus Erythropus""}"
img_332.jpg;4;3;"{""name"":""rect"",""x"":146,""y"":88,""width"":58,""height"":80}";"{""Object"":""mushroom"",""Species"":""Boletus Erythropus""}"